restid,name,address,phone,mobile,latitude,longitude,city
5817,"一品活蝦 市民店",臺北市松山區市民大道四段145號,02-25776662#,,25.0448506,121.5508081,臺北市
5816,一品活蝦市府店,臺北市信義區忠孝東路五段195號,02-27560028#,,25.0411985,121.5695215,臺北市
5790,瓦城泰國料理板橋遠百店,新北市板橋區中山路一段152號13樓,02-29589133#,,25.0367556,121.5679505,新北市
5789,北投國華高爾夫俱樂部餐廳,新北市淡水區坪頂里小坪頂23-1號,02-86261281#,,25.159494,121.483954,新北市
5788,四川吳抄手,臺北市信義區松仁路58號四樓402櫃位,02-87862426#,0925620655,25.0367556,121.5679505,臺北市
5639,長浜魚屋,臺北市信義區松仁路58號B3,-#,0919236144,25.0368519,121.5677823,臺北市
5638,季樂A13,臺北市信義區松仁路58號B3,02-27588268#,,25.0368519,121.5677823,臺北市
5635,海霸王餐廳股份有限公司海山分公司,新北市土城區中央路一段22號,02-22664835#,0916236928,24.9912453,121.4483639,新北市
5631,"sugar miss","臺北市大安區光復南路290巷4號1 樓",02-27715320#,,25.0394481,121.5568772,臺北市
5420,故宮晶華,臺北市士林區至善路二段221號,02-28829393#,,25.1001805,121.5488112,臺北市
5415,鴻海精密虎躍廠員工餐廳,新北市土城區自由街2號,02-22683466#501011040,0955634906,24.966259,121.4214111,新北市
5414,掌門精釀啤酒餐廳大巨蛋店,臺北市信義區忠孝東路四段515號,02-23223066#,,25.0424367,121.5595066,臺北市
5263,董月花早餐店,臺北市萬華區萬大路67號,02-23087999#,,25.0307602,121.5007623,臺北市
5148,湊湊火鍋•茶憩,臺北市信義區忠孝東路四段515號,02-27566986#,,25.0424367,121.5595066,臺北市
5118,"上樓看看 咖啡",臺北市信義區忠孝東路五段165巷3弄6號,02-87871782#,,25.0414615,121.5689714,臺北市
5116,"技固帕串燒酒家 CHIKUPA Izakaya",臺北市大安區市民大道四段66號,02-27419335#,,25.044862,121.5469968,臺北市
5103,"Pan House Wine & Bistro",臺北市大安區延吉街131巷9號,02-27312465#,,25.042747,121.554754,臺北市
5102,內湖光寶大樓員工餐廳,臺北市內湖區瑞光路392號,02-87982888#6934,,25.077819,121.5711666,臺北市
5099,"放 Fun Dining串燒酒肴",臺北市信義區嘉興街70-3號1樓,02-27201500#,,25.0309146,121.5578467,臺北市
5095,"DEC Taipei",臺北市大安區忠孝東路4段223巷63號,-#,0912862769,25.0436068,121.5529,臺北市
5093,十八居酒棧,臺北市大安區忠孝東路四段248巷17號,-#,0920755291,25.0402281,121.5541651,臺北市
5020,Rodeo,臺北市中正區杭州南路一段12號,02-23933608#,,25.0401193,121.52565,臺北市
4925,"沙巴家 新北板橋店",新北市板橋區懷德街65號,-#,0926656376,25.0324074,121.4775087,新北市
4923,好滴咖啡,臺北市南港區忠孝東路七段371號B棟B1,02-27648181#,,25.0528955,121.6072597,臺北市
4911,"星馬快餐 台北南港環球百貨門市",臺北市南港區忠孝東路七段371號B1櫃位B116,-#,0926656376,25.0528955,121.6072597,臺北市
4910,"星馬快餐 新北新莊門市",新北市新莊區中平路138號1F,-#,0926656376,25.046919,121.44494,新北市
4909,星馬快餐台北大安店,臺北市大安區復興南路一段107巷25號1F,-#,0926656376,25.0437425,121.5455449,臺北市
4869,"Drink store水雲朵臺灣大學店",臺北市大安區羅斯福路4段1號（台大第一學生活動中心餐廳）,02-23661686#,,25.0173405,121.5397518,臺北市
4868,天津蔥抓餅,臺北市大安區基隆路四段43號B1,02-27382936#,,25.0138401,121.5428657,臺北市
4867,雞同鴨講,臺北市大安區基隆路四段43號B1,02-27382936#,,25.0138401,121.5428657,臺北市
4865,茶覺,臺北市大安區基隆路四段43號B1,02-27382936#,,25.0138401,121.5428657,臺北市
4862,京都日式料理,臺北市大安區基隆路四段43號B1,02-27382936#,,25.0138401,121.5428657,臺北市
4860,八方雲集台科大店,臺北市大安區基隆路四段43號B1,02-27382936#,,25.0138401,121.5428657,臺北市
4859,"Supreme beans coffee Taipei",臺北市中正區汀州路二段293號1樓,02-23678745#,,25.0219509,121.5245435,臺北市
4858,重順川菜餐廳,臺北市中正區羅斯福路三段316巷8弄3-2號,02-23684549#,,25.0157178,121.5326358,臺北市
4843,御便當,臺北市大安區基隆路四段43號,02-27382936#,,25.0128577,121.5427043,臺北市
4842,高麗元韓式料理,臺北市大安區基隆路四段43號,02-27382936#,,25.0128577,121.5427043,臺北市
4840,七樂燒臘,臺北市大安區基隆路四段43號,02-27382936#,,25.0128577,121.5427043,臺北市
4839,黑丸關東煮,臺北市中正區羅斯福路四段136巷1弄7號,-#,0978511951,25.0129102,121.5355257,臺北市
4837,白帝城川式滷味,臺北市中正區羅斯福路四段136巷8號,-#,0952368865,25.0126133,121.5354822,臺北市
4802,"TWG Tea",臺北市信義區市府路45號5樓,02-87891837#,,25.0334929,121.564101,臺北市
4801,凱林鐵板燒台北101店,臺北市信義區市府路45號B1樓,02-81018285#,,25.0338492,121.5643085,臺北市
4689,明志科技大學學生餐廳,新北市泰山區工專路84號,02-29083309#,,25.04329274,121.42302122,新北市
4645,"咖啡休日 Day off. - 手沖咖啡專門店",臺北市中正區羅斯福路四段136巷6弄23號,02-23689841#,,25.0122635,121.5358449,臺北市
4644,京阪豚骨拉麵,臺北市中正區汀州路三段104巷9號,02-23640605#,,25.0138878,121.5334094,臺北市
4641,普橘島,臺北市內湖區瑞湖街111號,02-26588866#1485,,25.0716583,121.5764728,臺北市
4440,友信海鮮餐廳,新北市瑞芳區深澳路189之7號,02-24977777#,,25.1342685,121.8205249,新北市
3962,海底撈火鍋,臺北市信義區松智路17號2B,02-87801855#,,25.0343073,121.5659555,臺北市
3917,彰化商業銀行員工餐廳,臺北市中山區中山北路二段57號13樓,-#,0912525473,25.0553814,121.5232167,臺北市
3781,"米炭火燒肉小酒館 迴龍店",新北市新莊區新北市新莊區中正路891-17號,02-29088787,0935126657,25.0223036,121.4129442,新北市
3759,黑毛屋大直忠泰店,臺北市中正區樂群三路200號5樓,02-85025991#,,25.0822446,121.5570625,臺北市
3755,老乾杯大直忠泰店,臺北市中山區樂群三路200號5樓,02-85025551#,,25.0822446,121.5570625,臺北市
3751,博多天麩羅山海,臺北市信義區忠孝東路五段8號B2,02-27231885#,,25.0408461,121.5653962,臺北市
3684,頑童茶館,新北市新莊區四維路97巷16號1樓,02-82015788#,0913710204,25.0234582,121.4237188,新北市
3682,"Coming Bistro",臺北市松山區光復南路55號1樓,02-27479225#,,25.045903,121.5580267,臺北市
3681,九湯屋日本拉麵(台北南京店),臺北市中山區南京東路一段132巷33號,02-25813100#,,25.050578,121.5269515,臺北市
3680,大吃一斤活蝦餐廳,新北市三重區自強路一段222號,-#,0975147848,25.0666573,121.4938367,新北市
3679,鳥作洋食,臺北市信義區忠孝東路四段553巷16弄2號1樓,02-27567966#,0987941819,25.0426146,121.5630504,臺北市
3675,紫緹麵食館,新北市新莊區民安東路37號,02-22029635#,0935231481,25.0210285,121.4288653,新北市
3528,咖食堂,臺北市中正區八德路1段82巷9弄13號,02-23965252#,0926354984,25.0500353,121.5650865,臺北市
3436,發肉燒肉餐酒(敦化本店),臺北市松山區敦化北路4巷56號,02-27113331#,,25.0502905,121.5448587,臺北市
3435,立馬吃一鍋。有機水產火鍋專賣,臺北市大安區仁愛路四段27巷9號B1,02-27417668#,,25.0395577,121.5453353,臺北市
3434,"Bea's Bistro 美式餐館",臺北市大安區潮州街133號,02-23918827#,,25.0285574,121.5289148,臺北市
3433,豬豬的拉麵屋,新北市板橋區溪北路41號1樓,-#,0937528511,24.9902473,121.4274724,新北市
3432,"6：35 Brunch & Dinner(大安旗艦店)",臺北市大安區復興南路二段288號,02-23770100#,0931034202,25.0240436,121.5432347,臺北市
3429,永和樓中華料理店,臺北市大安區和平東路二段118巷52弄3號,02-23772077#,,25.0224472,121.5426486,臺北市
3427,真飽餐盒,臺北市大安區延吉街70巷6弄3號,02-27720506#,,25.0426381,121.5534984,臺北市
3134,爭鮮迴轉壽司,臺北市萬華區台北市萬華區桂林路1號1樓,02-23812806,,25.03787064,121.50585277,臺北市
3126,海底撈,臺北市萬華區台北市萬華區桂林路1號4樓,02-23146868,,25.03792027,121.5058378,臺北市
3114,星巴克,臺北市萬華區台北市萬華區桂林路1號,02-23616931,,25.03794943,121.50586999,臺北市
3101,炸雞大獅,臺北市萬華區台北市萬華區桂林路1號,02-23813607,,25.03794943,121.50585926,臺北市
2305,"PAI CAFÉ & LIFE",臺北市松山區八德路二段366巷11號,-#,0971168198,25.04757916,121.54605237,臺北市
2299,"PAI Coffee",臺北市中山區民生東路二段147巷6弄1號,02-25179787#,,25.05927894,121.5347223,臺北市
2064,風尚咖啡廳,臺北市大安區新生南路3段30號B1,02-88122323#2021,0910277212,25.02349946,121.53387122,臺北市
1829,"靜岡勝政豬排 南港環球店",臺北市南港區忠孝東路七段371號B1,02-27865589#,0922291032,25.0527451,121.606437,臺北市
1828,朱記餡餅粥店,臺北市南港區忠孝東路七段371號B1,02-26510264#,0922291032,25.0527451,121.606437,臺北市
1646,閑恬Mydeli手作美味坊,新北市淡水區坪頂路22號,02-86263159#,,25.16156839,121.456703,新北市
1627,食家安飲食文化股份有限公司,新北市汐止區福德一路328巷1號,02-27925757#,,25.0629986,121.63004427,新北市
1619,"麵食主義 Kirin pasta新板店",新北市板橋區縣民大道1段310號,02-29643968#,0965173933,25.01075113,121.4616265,新北市
1585,杭州小籠湯包-民生店,臺北市松山區民生東路三段118號,02-66130666#,,25.05751728,121.5454299,臺北市
1577,秘徑小食光,臺北市大安區羅斯福路三段283巷3號,02-33651995#,,25.01823751,121.5315196,臺北市
1576,"蔬漫小姐Miss Shumaan.house",臺北市信義區永吉路120巷82號1F,02-27662386#,,25.04265879,121.57010767,臺北市
1379,"藏壽司 林口三井Outlet店",新北市林口區文化三路一段356號B1,02-26069852#,0905685233,25.071241,121.363547,新北市
1376,"藏壽司 松江南京店",臺北市中山區南京東路二段101號B1,02-25681519#,0905122329,25.05224,121.532636,臺北市
1198,板大八番小雞,新北市板橋區新站路28號,02-77054168#,0988307261,25.01373563,121.4675853,新北市
1197,天然茶莊,新北市汐止區汐碇路380巷30號,02-26603762#,,25.03352299,121.6395118,新北市
623,凱林鐵板燒,臺北市大安區忠孝東路三段300號B2,02-87728551#,,25.041212,121.543057,臺北市
5921,"藏壽司 板橋遠科店",新北市板橋區遠東路62之3號,02-29640432,978305587,24.9992921,121.4564032,新北市
5850,"RizzBar Taipei",臺北市大安區復興南路一段150號,02-27765606#,,25.0423811,121.543552,臺北市
5688,鼎泰豐A13店,臺北市信義區松仁路58號1F,02-87805200#,,25.0367179,121.5681308,臺北市
5748,"玖仰jiu yang(大巨蛋)",臺北市信義區忠孝東路四段515號B2,02-27670089#,,25.0423915,121.5595072,臺北市
5574,味佳奇早餐店,臺北市士林區延平北路5段90號,02-28113898#,,25.0810879,121.5107373,臺北市
5573,哪次不吃早午餐店,新北市三重區大同南路152號1樓,02-29750970#,,25.0578043,121.4966324,新北市
5570,鼎泰豐復興店,臺北市大安區忠孝東路三段300號B2,02-22267890#5105,,25.0408932,121.5432417,臺北市
5567,無日,臺北市大安區市民大道四段118號,-#,0919234719,25.0443455,121.5510469,臺北市
5566,恩典早午餐,新北市永和區安樂路294號,02-29288688#,,25.0047738,121.5144408,新北市
5565,喬MAMA,新北市中和區興南路二段6號,02-29400048#,,24.9861947,121.5078174,新北市
5564,多米葉漢堡,新北市樹林區佳園路2段104號,02-26802008#,,24.9575311,121.3899016,新北市
5563,吉得堡東興店,新北市樹林區東興街12之1號,02-86845389#,,24.9786918,121.4098229,新北市
5562,美津素食漢堡,新北市新莊區中和街63號,02-29907859#,,25.0472943,121.4474577,新北市
5560,順哥㕑坊早餐店,新北市新莊區新北大道7段630號,02-29088861#,,25.0283302,121.411948,新北市
5559,妞蛋吐司早午餐,新北市新莊區民安東路176號1樓,02-22027707#,,25.0202973,121.432982,新北市
5555,仨食三餐,新北市樹林區千歲街61巷36-1號1樓,02-26823823#,,24.9986001,121.4257868,新北市
5553,米可廚房,新北市新莊區新樹路625號一樓,02-22076010#,,25.0033639,121.4334621,新北市
5519,三三活力早餐-總店,臺北市文山區木新路三段122號,02-22345728#,,24.9821411,121.5620886,臺北市
5518,晨間戀人早餐,臺北市文山區保儀路107號,02-29396882#,,24.9863736,121.5681007,臺北市
5516,早饗食,新北市三重區中正北路272號,02-29800660#,,25.0683357,121.48091,新北市
5515,萬佳鄉-新展店,新北市新莊區龍安路66-42號,02-29063230#,,25.0209547,121.4141413,新北市
5514,饗爍早午餐,新北市新莊區建中街125號1樓,02-29909839#,,25.0363249,121.4455272,新北市
5510,三合院。早午餐,新北市新店區安康路一段227號,02-86666087#,,24.9630091,121.5255889,新北市
5453,愛吃不吃早餐屋,臺北市萬華區萬大路20號,-#,0917108107,25.0322162,121.5005043,臺北市
5452,吉得堡早餐店-和平店,新北市板橋區和平路66號,-#,0920388655,24.9944408,121.4611621,新北市
5445,"L.C Française 法租界",臺北市大安區敦化南路一段187巷45-2號,-#,0983638156,25.0427505,121.5514001,臺北市
5429,"Fermented by 曾House",臺北市大安區市民大道四段232號1F,02-87729010#,0912899950,25.04459196,121.5566674,臺北市
5427,BarAku,新北市板橋區縣民大道一段269號2樓,02-29698058#,0986295171,25.0098794,121.4603242,新北市
5425,TOK盡興時光,臺北市信義區忠孝東路四段515號,02-27656228#,,25.0424367,121.5595066,臺北市
5406,漢堡排嘉,臺北市信義區忠孝東路四段515號,02-27615088#,,25.0424367,121.5595066,臺北市
5391,"SPORTS NATION",臺北市信義區忠孝東路四段515號,02-27600299#,,25.0424367,121.5595066,臺北市
5353,豚將拉麵重陽店,新北市三重區重陽路四段8號1樓,02-89832058,0930999269,25.0690026,121.4905542,新北市
5139,大巨星港式飲茶餐酒館,臺北市信義區忠孝東路四段515號,02-27771717#,,25.0424367,121.5595066,臺北市
5138,武蔵野森珈琲Diner,臺北市信義區忠孝東路四段515號,02-27686118#,,25.0424367,121.5595066,臺北市
5135,景美如叔叔早餐店30,臺北市文山區景華街80號,02-29310465#,,24.9951072,121.5452464,臺北市
5130,"Lit Lit 早午餐酒吧",臺北市信義區忠孝東路四段515號,02-27600793#,,25.0424367,121.5595066,臺北市
5129,"一風堂 台北大巨蛋店",臺北市信義區忠孝東路四段515號,02-27565135#,,25.0424367,121.5595066,臺北市
5128,星胡同,臺北市信義區忠孝東路四段515號,02-27660166#,,25.0424367,121.5595066,臺北市
5127,"放感情 螢火部落",臺北市信義區忠孝東路四段515號,02-25282588#,,25.0424367,121.5595066,臺北市
5126,PRESERVE,臺北市信義區忠孝東路四段515號,02-27613365#,,25.0424367,121.5595066,臺北市
5125,週末炸雞漢堡俱樂部,臺北市信義區忠孝東路四段515號,-#,0978001077,25.0424367,121.5595066,臺北市
5110,"Meal Room 米釉鍋物",臺北市大安區延吉街66-1號,02-87728728#,,25.0432617,121.5539052,臺北市
5109,"Zentopia Taipei 禪托邦餐酒館",臺北市大安區忠孝東路四段289號b1,02-27755056#,,25.0416701,121.5546583,臺北市
5107,Cheers&Co.,臺北市大安區復興南路一段107巷5弄12號,02-27210277#,,25.04414544,121.5449162,臺北市
5487,Apple203早午餐店-中和遠東,新北市中和區中正路738號,02-82261077#,,24.9981631,121.4854958,新北市
5541,慢步調咖啡館,臺北市大安區忠孝東路三段251巷1弄1號,02-27112311#,0918007040,25.0421174,121.5417836,臺北市
5522,喔嗨呦早餐屋,新北市新店區北宜路2段36號,02-22178530#,,24.9512893,121.5486364,新北市
5443,吉可堡早餐店,新北市樹林區俊英街113-1號,02-26763998#,0909180406,25.0099687,121.4248024,新北市
5442,帕彼手作早餐坊,新北市三重區三和路三段188號,02-29881313#,0920585626,25.0735005,121.491983,新北市
5441,House.好食早餐店,新北市三重區福德里成功路106之1號,02-29703375#,0918827414,25.0515277,121.4874173,新北市
5440,豆司苑咖啡,新北市中和區南山路320巷3號,02-29497910#,0970702370,24.9863955,121.5076938,新北市
5505,可口188複合式早午餐,新北市蘆洲區永平街18巷8號1F,02-22833342#,,25.0911037,121.4589781,新北市
5504,早到甜早午餐,新北市蘆洲區長安街108巷5弄2號,02-28472461#,,25.0819372,121.4612458,新北市
5502,荳荳早午餐店,新北市三重區文化南路31之1號,02-89731966#,,25.0618167,121.5001128,新北市
5500,和睦屋享吃食務所,臺北市大安區延吉街162號,-#,0938777680,25.03916,121.5549636,臺北市
5486,鴻心堡早午餐,新北市土城區清水路256號,02-22655106#,,24.9829835,121.4616022,新北市
5484,星誼美而美,新北市土城區日新街9巷1號,02-82616104#,,24.987092,121.445329,新北市
5479,美美精緻早午餐,臺北市萬華區西藏路115巷6弄7號,02-23032518#,,25.0286274,121.5027205,臺北市
5478,呷尚寶-華順店,新北市中和區華順街133號,021-29535252#,,24.9963124,121.4652548,新北市
5471,弘爺漢堡-新莊信義店,新北市新莊區公園一路98號,02-29908418#,,25.0374156,121.4436012,新北市
5458,幸福時光-蘆洲店,新北市蘆洲區信義路222巷20號,-#,0952176277,25.0853012,121.4800398,新北市
4211,慕谷慕魚蔬食原住民人文餐廳,新北市林口區仁愛路一段338號,-#,0912537590,25.0766636,121.3909688,新北市
4129,藏粵閣,臺北市士林區格致路237號2樓,02-28616661#,,25.1432836,121.5489025,臺北市
4984,柒號洋樓,臺北市中山區建國北路二段7號,02-25066688#,,25.0527114,121.5372562,臺北市
4979,"藏壽司 新店威秀裕隆店",新北市新店區中興路三段70號6樓,02-89147904#,0900671562,24.978061,121.546478,新北市
4812,989就愛海鮮粥,臺北市中正區羅斯福路四段52巷16弄1號,02-23650100#,,25.0146589,121.5335291,臺北市
4743,"馬克廚房 Rocky Pizza",新北市新店區新店區碧潭風景區A01-03,02-29127765#,0988986276,24.9559849,121.5365043,新北市
4741,山野居蔬食-板橋大遠百,新北市板橋區新站路28號,-#,0916970870,25.0140651,121.4673332,新北市
4739,貓樂貓咖啡-環球中和,新北市中和區中山路三段122號,02-22217108#,,25.0066724,121.4747789,新北市
4732,九如-中和環球,新北市中和區中山路三段122號,02-22218223#,0932397711,25.0066724,121.4747789,新北市
4780,二師兄肉羹專賣店,臺北市松山區敦化北路340-10號2樓,-#,0973662335,25.0636811,121.5518476,臺北市
4779,TKK,臺北市松山區敦化北路340-10號2樓,02-25467952#,,25.0636811,121.5518476,臺北市
4778,upoke,臺北市松山區敦化北路340-10號2樓,02-25465951#,,25.0636811,121.5518476,臺北市
4776,五花馬,臺北市松山區敦化北路340-10號2樓,02-25471022#,,25.0636811,121.5518476,臺北市
4759,"BERTHA IRISH BAR",臺北市中正區羅斯福路三段278號,-#,0988955096,25.0165578,121.5320626,臺北市
4731,欣葉小聚中和環球店,新北市中和區中山路三段122號4樓,02-32345858#,0939119803,25.0069668,121.4749549,新北市
4728,橙易食堂-板橋大遠百,新北市板橋區新站路28號B1,-#,0983379801,25.0138151,121.4670443,新北市
5088,"三徑就荒Hermit's Hut",臺北市信義區忠孝東路四段553巷46弄15號1樓,02-27466929#,,25.0442733,121.5636048,臺北市
5087,"Silk & Linen",臺北市大安區大安路一段19巷28號,-#,0932214382,25.0443613,121.5475477,臺北市
5083,梟夜串酒場,臺北市大安區四維路164號,02-27010207#,,24.3629879,120.6397751,臺北市
5082,"《念•饗》NIAN SANG",臺北市大安區延吉街242-3號1樓,02-27038006#,,25.0357216,121.5555417,臺北市
5071,"Gravity 磁場",臺北市大安區樂利路39-1號,-#,0952871261,25.0269613,121.5517058,臺北市
5070,"Old Seat Restaurant Cafe 川酒.咖啡",臺北市大安區忠孝東路4段101巷29號,-#,0913365689,25.0417788,121.5481926,臺北市
5063,"MONO MONO",臺北市大安區安和路一段127巷29弄17號,-#,0938860727,25.0357659,121.5535507,臺北市
5062,壹府YifuBarTaipei,臺北市大安區杭州南路二段13號,-#,0916768066,25.0342382,121.5238425,臺北市
5054,阿官火鍋專家-台北101旗艦店,臺北市信義區市府路45號B1,02-81017693#,,25.0338492,121.5643085,臺北市
5053,"姥姥酸菜魚 101店",臺北市信義區市府路45號B1,02-81017817#,,25.0338492,121.5643085,臺北市
5041,犇鱻涮涮鍋,臺北市中山區松江路95-1號2樓,02-25069069#,,25.0508646,121.5333243,臺北市
4373,黑沃咖啡-大安和平店,臺北市大安區台北市大安區和平東路三段46之4號,04-22624040#,,25.0243689,121.54799,臺北市
4372,黑沃咖啡-台北南港店,臺北市南港區台北市南港區南港路一段152之3號,04-22624040#,,25.0554621,121.6122632,臺北市
4371,黑沃咖啡-台北古亭店,臺北市大安區台北市大安區羅斯福路二段91號,04-22624040#,,25.0252854,121.5240879,臺北市
4370,黑沃咖啡-民生興安店,臺北市松山區台北市松山區興安街204號,04-22624040#,,25.0559654,121.5455797,臺北市
4369,黑沃咖啡-新北輔大店,新北市新莊區新北市新莊區中正路595號,04-22624040#,,25.0320349,121.4329125,新北市
4364,黑沃咖啡-板橋南門店,新北市板橋區新北市板橋區南門街73號,04-22624040#,,25.0079334,121.4570988,新北市
4363,黑沃咖啡-台北復興店,臺北市大安區台北市大安區復興南路一段122巷4號1樓,04-22624040#,,25.0433798,121.5430071,臺北市
5004,媽咪里啦手製餅乾,臺北市大安區忠孝東路四段60-2號,02-27517306#,,25.041394,121.545345,臺北市
4999,"Zoom Inn",臺北市大安區和平東路三段68-6號,-#,0922193887,25.0242797,121.5502674,臺北市
4998,通天掌糕糕,臺北市中正區汀州路二段188號1樓,02-23680088#,,25.022949,121.5230804,臺北市
4920,"奧特拉麵 南港環球店",臺北市南港區忠孝東路七段371號B1,02-26512250#,,25.0528955,121.6072597,臺北市
4919,馬蹄圈圈,新北市永和區秀朗路一段114號,02-23611999#894,0932013894,25.0037736,121.5168091,新北市
4917,"Sandalwood Taipei",臺北市信義區基隆路二段113號1樓,-#,0905168315,25.0287221,121.5571926,臺北市
4916,神燈搓一下,臺北市大安區羅斯福路三段283巷28號,-#,0925652602,25.0188324,121.5317175,臺北市
4914,"星馬快餐 新北新店裕隆城百貨門市",新北市新店區中興路三段70號6F20櫃,-#,0926656376,24.9779832,121.5465116,新北市
4821,法點法食FADENFASAï,臺北市中正區汀州路三段210號1樓,-#,0958095880,25.01206637,121.53551757,臺北市
4891,一鷺串燒居酒屋（大直旗艦店）,臺北市中山區植福路217號219號,02-85015885#,,25.083079,121.560913,臺北市
4889,一鷺串燒居酒屋松江本店,臺北市中山區民權東路二152巷1號,02-25043668#,,25.0658717,121.5398141,臺北市
4897,YAYOI彌生軒-南港車站店,臺北市南港區忠孝東路七段371號B1樓,02-27863298#,,25.0528955,121.6072597,臺北市
4878,麵線歐爸,臺北市文山區興隆路三段111號B1(統一商場),02-29335005#,,24.9996924,121.5579495,臺北市
4875,總會有機會club25,臺北市文山區興隆路三段111號B1(統一商場),02-29335005#,,24.9996924,121.5579495,臺北市
4873,龐德羅莎,臺北市大安區羅斯福路四段85號台大管理學院第二活動中心二樓,02-23779990#,,25.0129394,121.536638,臺北市
4870,丘蒔堂,臺北市大安區羅斯福路4段1號（台大第一學生活動中心餐廳）,-#,0930396986,25.0173405,121.5397518,臺北市
4852,A華加湯滷味,臺北市大安區基隆路四段43號,02-27382936#,,25.0128577,121.5427043,臺北市
4851,溫州大餛飩,臺北市大安區基隆路四段43號,02-27382936#,,25.0128577,121.5427043,臺北市
4688,明志科大第二餐廳,新北市泰山區工專路84號,02-26890808#,0958585280,25.04329274,121.42302122,新北市
4684,貓食光,臺北市大安區羅斯福路三段297-1號1樓,02-23860234#,,25.0176399,121.531706,臺北市
4683,"BAR FEST",臺北市中正區汀州路三段149號1樓,-#,0952775002,25.015961,121.531258,臺北市
4682,"89 LOOP Sports",臺北市中正區羅斯福路四段134號2樓,02-23656597#,,25.0129485,121.5358227,臺北市
4675,山禾苑,臺北市士林區芝玉路一段28號,-#,0910527968,25.1025986,121.5366614,臺北市
4674,蛋奶樹蔬食專賣,臺北市中山區中山北路一段33巷26號,02-25216801#,,25.0486254,121.5222919,臺北市
4661,好好時光公益咖啡館,新北市林口區文化一路一段207之1號,02-26012485#,0919613154,25.07575125,121.37868168,新北市
4660,金山客家小館,臺北市松山區南京東路五段250巷2弄5號1樓,02-27659906#,0987187637,25.0508904,121.56642495,臺北市
4567,靜壽司,臺北市中正區羅斯福路三段316巷7-1號,02-23656568#,,25.015678,121.532234,臺北市
4566,源士林粥品,臺北市中正區汀州路三段134號,02-23683593#,,25.0138682,121.5337916,臺北市
4565,玉山銀行(希望大樓)員工餐廳,新北市三重區中興北街42巷17弄10號,02-21751313#8181,,25.050299,121.4688298,新北市
4054,無二會所,臺北市大安區杭州南路二段61巷12號,02-23917599#,,25.0301176,121.5229861,臺北市
4047,捌伍添第,臺北市信義區信義路五段7號85號樓B側,02-81010085#,,25.033976,121.5645389,臺北市
4046,天空小品,新北市淡水區忠寮里竹圍子8-17號,02-26257366#,0932158546,25.1928559,121.4809911,新北市
3969,海底撈,新北市新莊區新北市新北市新莊區新北大道四段3號9樓,02-85219292#,0903136118,25.0596783,121.4495726,新北市
3948,"白日夢Tea & Cafe",新北市石門區阿里荖47-2號,02-26380045#,,25.2802951,121.6079409,新北市
3935,"魚君 さかなくん 天母SOGO店",臺北市士林區中山北路六段77號8樓,02-88661170#,,25.105306,121.5245943,臺北市
3930,"CYCLO 洛城 忠孝門市",臺北市大安區大安路一段75巷9號,02-27782569#,,25.0423401,121.5467254,臺北市
3846,美樂家速食坊,臺北市中正區常德街1號B1,02-23111298#,,25.0443093,121.5170835,臺北市
3861,大根日本料亭,臺北市中山區中山北路二段39巷14-1號,02-25817776#,,25.0538697,121.524062,臺北市
3810,老乾杯板橋大遠百店,新北市板橋區新北市板橋區新站路28號11樓,02-29526466,,25.013651,121.466765,新北市
3809,老乾杯南西店,臺北市中山區台北市中山區南京西路12號號7樓,02-25215255,,25.0518449,121.5210481,臺北市
3808,"老乾杯 慶城店",臺北市松山區台北市松山區慶城街29號1樓,02-27139000,,25.0535557,121.5452114,臺北市
3807,"老乾杯 信義店",臺北市信義區台北市信義區松壽路9號8樓,02-27253311,,25.0366706,121.5667018,臺北市
3806,"KANPAI CLASSIC 天母店","臺北市士林區台北市士林區忠誠路二段 200 號 2 樓",02-28771550,,25.1173343,121.5338781,臺北市
3833,"黑毛屋 新莊宏匯店","新北市新莊區新北市新莊區新北大道四段 3 號 7 樓",02-85222611,,25.0597532,121.449286,新北市
3832,"黑毛屋 南港中信店","臺北市南港區台北市南港區經貿二路 186-1 號 2 樓",02-27865669,,25.0588333,121.6149583,臺北市
3831,"黑毛屋 信義 ATT 店","臺北市信義區台北市信義區松壽路 12 號 4 樓",02-77362698,,25.03531,121.5660665,臺北市
3838,"黑毛屋本家 板橋大遠百店","新北市板橋區新北市板橋區新站路 28 號",02-29524088,,25.0140651,121.4673332,新北市
3837,"黑毛屋本家 信義店","臺北市信義區台北市信義區松高路 19 號 6 樓",02-27237722,,25.0395325,121.5667147,臺北市
3823,"乾杯燒肉居酒屋 新莊宏匯店",新北市新莊區新北市新莊區新北大道四段3號7樓,02-85216277,,25.0597532,121.449286,新北市
3822,"乾杯燒肉居酒屋 林口店",新北市林口區新北市林口區文化三路一段356號2樓,02-26068522,,25.0707927,121.364181,新北市
3821,"乾杯列車 板橋站",新北市板橋區新北市板橋區縣民大道2段7號2樓,02-89693333,,25.0141259,121.4637592,新北市
3820,"乾杯燒肉居酒屋 南港中信店",臺北市南港區台北市南港區經貿二路186-1號2樓,02-27866066,,25.0588333,121.6149583,臺北市
3819,"乾杯燒肉居酒屋 信義 ATT 店",臺北市信義區台北市信義區松壽路12號3樓,02-87860808,,25.035488,121.5660108,臺北市
3818,"乾杯燒肉居酒屋 中山店",臺北市大同區台北市大同區南京西路25巷2-1號,02-25556110,,25.0531403,121.5202225,臺北市
3817,"乾杯燒肉居酒屋 本店",臺北市大安區台北市大安區敦化南路一段236巷17號,02-87731150,,25.0406471,121.5469919,臺北市
4107,"Mrs. Mapo麻婆豆腐 新店家樂福店",新北市新店區中興路三段1號1F,02-29115569#,0973731304,24.9761494,121.5467199,新北市
4119,萬芳冰室-南京店,臺北市松山區台北市松山區南京東路五段66巷16號,02-27494069,0935996019,25.0502581,121.5606895,臺北市
4091,意芳飯店,新北市萬里區港東路155號,-#,0932500750,25.2038901,121.6882861,新北市
4379,黑沃咖啡-淡水新市店,新北市淡水區新北市淡水區中山北路二段163號,04-22624040#,,25.1842185,121.4441505,新北市
4378,黑沃咖啡-內湖康樂店,臺北市內湖區台北市內湖區樂康里康樂街116號1樓,04-22624040#,,25.0710633,121.6189808,臺北市
4377,黑沃咖啡-林口文化店,新北市林口區新北市林口區文化三路一段225巷6號,04-22624040#,,25.071206,121.3625153,新北市
4376,黑沃咖啡-三峽大學店,新北市三峽區新北市三峽區大學路120號,04-22624040#,,24.9439922,121.3747071,新北市
4375,黑沃咖啡-陽光四平店,臺北市中山區台北市中山區四平街70號,04-22624040#,,25.0535391,121.5338449,臺北市
4374,黑沃咖啡-永和竹林店,新北市永和區新北市永和區竹林路178號,04-22624040#,,25.009836,121.520265,新北市
4360,黑沃咖啡-汐止白天鵝店,新北市汐止區新北市汐止區康寧街169巷8之1號1樓,04-22624040#,,25.0678719,121.6231943,新北市
4358,黑沃咖啡-南京復興店,臺北市松山區台北市松山區南京東路三段253號,04-22624040#,,25.0521783,121.5442907,臺北市
4555,"DA ANTONIO",臺北市信義區市府路45號5樓,02-81018268#,0933782789,25.0334929,121.564101,臺北市
3281,OEC蚌麵,臺北市中正區台北市中正區中山南路8號B1,02-23117819#,,25.04423038,121.5188189,臺北市
3247,海底撈火鍋板橋店,新北市板橋區新站路28號5樓,02-29641328#,,25.0136294,121.4668636,新北市
3712,邑朵早午餐,新北市板橋區中山路二段89巷12號,02-29578182#,,25.0163835,121.4740823,新北市
3583,峰精緻鍋物餐酒,新北市新莊區新泰路322號,02-29940898#,,25.0417846,121.4451026,新北市
3582,三友拉麵(龍江店),臺北市中山區龍江路93號,02-8772997#,,25.0513254,121.540607,臺北市
3581,肥熊早早午餐,新北市板橋區廣和街33之6號,02-29551057#,,24.9934481,121.4632481,新北市
3578,文昌小老弟糟粕醋火鍋,新北市永和區中山路一段13號2樓,02-29276999#,,25.010285,121.5139338,新北市
3603,嗑厚班早午餐,新北市板橋區龍興街11號,02-89699525#,0988533534,24.9996649,121.4426469,新北市
3599,餡老滿(南港旗艦店),臺北市南港區經貿二路66號2樓,02-27893423#,,25.057195,121.6161399,臺北市
3598,餡老滿(台北吉林店),臺北市中山區松江路90巷23號,02-25672028#,,25.0506086,121.5303548,臺北市
3597,金春發牛肉店(昆陽店),臺北市南港區忠孝東路六段372號,02-26538189#,,25.0496914,121.5917598,臺北市
3692,"侯黑鍋物 冠軍酸菜個人鍋物 (新莊民安店)",新北市新莊區民安東路6號,02-22068977#,,25.020805,121.4277742,新北市
3691,早安公雞農場晨食(新莊民安店),新北市新莊區民安西路277號,02-22042606#,,25.0126864,121.4263142,新北市
3690,早安公雞農場晨食(土城店),新北市土城區明德路二段106號,02-82616068#,,24.9842658,121.4452345,新北市
3689,"88號樂章-88 La Plaza",臺北市內湖區民善街88號5樓,02-27943800#,,25.0604224,121.5752559,臺北市
3686,星辰牛排,臺北市大安區光復南路180巷16號,02-27217512#,,25.0426527,121.5568037,臺北市
3671,野橙咖啡,臺北市大安區羅斯福路三段269巷6之1號,02-27025522#,,25.0194042,121.5306017,臺北市
3666,"悠樂間 Shalom Cafe",新北市三重區自強路五段39號,-#,0925595853,25.0812528,121.4938741,新北市
3665,幸福讚精品飯店,新北市新莊區思源路332巷9號,02-29976688#,,25.0511478,121.4611216,新北市
3664,王鍋屋逸仙創始總店,臺北市信義區逸仙路50巷20號1樓,02-27588380#,,25.0404216,121.5626528,臺北市
3646,"鴨香飽 當歸豬腳當歸鴨(板橋店)",新北市板橋區新海路385巷28弄12號,02-82570080#,,25.0265625,121.457424,新北市
3645,"覓糖Mi Tang(永和中正店)",新北市永和區中正路39之1號,02-86681249#,0931683167,24.9960255,121.5142773,新北市
3644,Miso微笑韓國料理,臺北市大安區金山南路二段6號,02-23670281#,,25.0336693,121.5269707,臺北市
3562,"醉美餐酒水煙館 Drunk Night",臺北市大安區文昌街128號,-#,0909663981,25.0325558,121.5526166,臺北市
3561,美華閣湯包麵食館,臺北市北投區大興街58號,02-28977288#,,25.1304604,121.5004851,臺北市
3639,"Maya Bistro 瑪亞餐酒",臺北市中山區雙城街46巷1號1樓,02-25850305#,,25.0676057,121.5241331,臺北市
3638,龍江涼麵,臺北市中山區龍江路356巷5號(近濱江市場),02-25062623#,0986616899,25.0661129,121.5407182,臺北市
3637,"Kali Chimaek 韓式炸雞",新北市板橋區中山路一段158巷21號,02-29647777#,,25.0113562,121.4665067,新北市
3635,"全 壽司丼飯煮物(永和店)",新北市永和區中興街55號,02-89215959#,,25.0118553,121.5166394,新北市
3627,米勒卡早午餐,新北市新莊區建安街9巷12號,02-22084480#,0928248089,25.0266472,121.4293995,新北市
3620,泰雅田泰式小館(永和店),新北市永和區民有街21巷2號1樓,02-86689228#,,24.9965613,121.5167477,新北市
3619,成家小館(天母店),臺北市士林區忠義街84號,02-28366668#,,25.1063002,121.5318617,臺北市
2213,"Q Burger三重自強店",新北市三重區自強路二段7號,02-29882918,,25.06907483,121.4903192,新北市
2212,"Q Burger中和大仁店",新北市中和區大仁街19巷6號1樓,02-86680138,,24.99335855,121.51749027,新北市
2211,"Q Burger新店建興店",新北市新店區建國路72號,02-29115618,,24.97618263,121.54063767,新北市
2210,"Q Burger創英店",新北市三重區中興北街236號,02-29999589,,25.06074392,121.4687488,新北市
2209,"Q Burger新莊中美店",新北市新莊區中港路179號,02-29961570,,25.04159448,121.45483008,新北市
2208,"Q Burger三重長安店",新北市三重區長安街73號1樓,02-29762393,,25.06732098,121.5014259,新北市
2207,"Q Burger樹林大有店",新北市樹林區大有路118號,02-26800083,,24.94949801,121.38380764,新北市
2206,"Q Burger淡水中山北店",新北市淡水區中山北路一段149巷28號,02-26201186,,25.17818065,121.4428054,新北市
2205,"Q Burger新莊中華店",新北市新莊區中華路一段45巷2號,02-29963313,,25.03827926,121.4519317,新北市
2204,"Q Burger五股洲子洋店",新北市五股區成泰路三段201號,02-22921599,,25.09267915,121.44571097,新北市
2203,"Q Burger新莊中信店",新北市新莊區中信街18號,02-29902295,,25.05098148,121.4508688,新北市
2202,"Q Burger三重中正南店",新北市三重區中正南路49號,02-29746343,,25.05955536,121.49375037,新北市
2190,"Q Burger蘆洲民族店",新北市蘆洲區民族路357號,02-22888383,,25.09166246,121.47184831,新北市
2189,"Q Burger中和景德店",新北市中和區景德街43號1樓,02-29402661,,24.99125973,121.51809565,新北市
2188,"Q Burger中和秀福店",新北市中和區更生街7號1樓,02-29430512,,24.99637765,121.5217073,新北市
2187,"Q Burger新莊裕民店",新北市新莊區裕民街128號,02-29015532,,25.02240311,121.41786867,新北市
2136,"Q Burger北投知行店",臺北市北投區知行路249號,02-28585885,,25.12088098,121.46706327,臺北市
2135,"Q Burger文山世新店",臺北市文山區木柵路一段101號1樓及地下室,02-22369201,,24.9871716,121.54761027,臺北市
2134,"Q Burger北投大興店",臺北市北投區大興街48號,02-28941027,,25.13012386,121.49953327,臺北市
2133,"Q Burger文山福興店",臺北市文山區福興路45號,02-29308228,,25.00307703,121.5506281,臺北市
2132,"Q Burger中山農安店",臺北市中山區農安街170號1樓、地下室,02-25150024,,25.06454446,121.53449357,臺北市
2131,"Q Burger北投立農店",臺北市北投區立農街二段259號1樓,02-28236017,,25.11894025,121.51446407,臺北市
2267,日出茶太,新北市中和區中山路三段122號3F,02-82213316#,,25.0066821,121.4747789,新北市
2201,"Q Burger新店中華店",新北市新店區中華路39號,02-29120298,,24.96759793,121.5402377,新北市
2200,"Q Burger中和復興店",新北市中和區復興路54號,02-29462197,,24.9903134,121.50404467,新北市
2199,"Q Burger三峽北大店",新北市三峽區國際二街37號,02-26737288,,24.94292681,121.3721358,新北市
2198,"Q Burger三重力行店",新北市三重區力行路一段160號一樓及地下一樓,02-29879488,,25.0711568,121.48226112,新北市
2197,"Q Burger板橋龍泉店",新北市板橋區龍泉街83號,02-22570118,,25.02498796,121.456762,新北市
2196,"Q Burger蘆洲復興店",新北市蘆洲區復興路83號,02-82859155,,25.08748606,121.4763816,新北市
2195,"Q Burger八里中山店",新北市八里區中山路二段363號,02-26194767,,25.14704405,121.39885894,新北市
2194,"Q Burger中和圓通店",新北市中和區圓通路112號1樓,02-22427298,,24.99651625,121.49911441,新北市
2193,"Q Burger林口國小店",新北市林口區中山路156-1號一樓,02-26012712,,25.0789166,121.39084217,新北市
2192,"Q Burger中和仁愛店",新北市中和區仁愛街102號,02-29436889,,24.98703973,121.511542,新北市
2191,"Q Burger三峽復興店",新北市三峽區復興路30號1樓,02-86717069,,24.93606769,121.374572,新北市
2601,麥味登三芝公正,新北市三芝區公正街9號,02-26369969,,25.2576183,121.4998209,新北市
2600,麥味登竹圍米路,新北市淡水區民族路43號,02-28081276,,25.1355358,121.4628134,新北市
2599,麥味登淡水宇峰,新北市淡水區學府路45號,02-26235201,,25.1692035,121.4478844,新北市
2598,麥味登淡水台北灣,新北市淡水區新市一路一段99巷17號,02-26292238,,25.1874613,121.4309137,新北市
2597,麥味登淡水水源,新北市淡水區水源街一段78號,02-26234139,,25.1722012,121.4452175,新北市
2596,麥味登淡水新市,新北市淡水區新市一路三段108號,02-86315511,,25.1828161,121.4467044,新北市
2595,麥味登淡水紅樹林,新北市淡水區坪頂路51-1號,02-86263339,,25.1626604,121.4581777,新北市
2594,麥味登淡水新春,新北市淡水區新春街97號,02-26212553,,25.1824621,121.44,新北市
2593,麥味登淡水真理,新北市淡水區新民街180巷2號,02-26205135,,25.1789813,121.4371619,新北市
2592,麥味登淡水淡江,新北市淡水區北新路182巷37號,02-26250018,,25.1773871,121.4485041,新北市
2580,麥味登蘆洲康佑,新北市蘆洲區長安街343號,02-82868137,,25.0869188,121.4571687,新北市
2579,麥味登蘆洲中心,新北市蘆洲區民權路188-7號,02-82866513,,25.0909954,121.4715653,新北市
2578,麥味登蘆洲正和,新北市蘆洲區正和街79號,02-82867980,,25.0807694,121.4683841,新北市
2577,麥味登蘆洲復興,新北市蘆洲區復興路181號,02-82827200,,25.0894586,121.479001,新北市
2576,麥味登蘆洲長興,新北市蘆洲區長興路50巷3號,02-22829933,,25.0840096,121.4637507,新北市
2575,麥味登林口源泉,新北市林口區源泉街36號,02-26092339,,25.0725389,121.3575484,新北市
2574,麥味登林口文化,新北市林口區文化三路二段36-1號,02-26018032,,25.0793289,121.3738252,新北市
2573,麥味登林口香悅,新北市林口區文化三路一段555巷50號,02-26082729,,25.0764623,121.3694077,新北市
2572,麥味登林口仁愛,新北市林口區仁愛路一段384號,02-26011390,,25.0768451,121.3878135,新北市
2571,麥味登林口歐園,新北市林口區麗園二街2-4號,02-26009889,,25.0692827,121.3773839,新北市
2570,麥味登林口南勢,新北市林口區南勢一街17巷51號,02-26000275,,25.0759166,121.3608558,新北市
2569,麥味登林口民族,新北市林口區民族路22號,-#,0986811956,25.0739784,121.3642919,新北市
2568,麥味登林口民有,新北市林口區民有街68號,02-26081872,,25.0770384,121.3729436,新北市
2556,麥味登新莊玥萱,新北市新莊區雙鳳路88號,02-29015928,,25.02792,121.414874,新北市
2555,麥味登新莊五工二,新北市新莊區建中街85號,02-29922522,,25.0365779,121.4470889,新北市
2554,麥味登新莊五工,新北市新莊區五工二路86巷2號,02-22993799,,25.066473,121.4598634,新北市
2553,麥味登新莊天祥,新北市新莊區天祥街26-1號,02-29084674,,25.0278075,121.4175311,新北市
2552,麥味登新莊頭前公園,新北市新莊區頭成街163號,02-29909163,,25.052023,121.461815,新北市
2551,麥味登新莊西盛,新北市新莊區西盛街196號,02-22010970,,25.0183584,121.4280961,新北市
2550,麥味登新莊星榮,新北市新莊區中榮街60號,02-29960669,,25.0529057,121.4490073,新北市
2549,麥味登新莊星品,新北市新莊區中和街12號,02-89910985,,25.043157,121.448556,新北市
2548,麥味登新莊幸福,新北市新莊區幸福路834號,02-22771234,,25.049173,121.445154,新北市
2547,麥味登新莊星誠,新北市新莊區中誠街15號,02-29931989,,25.0479308,121.4517652,新北市
2546,麥味登新莊歐洲村,新北市新莊區立信三街7巷1號,02-29966927,,25.0503544,121.444267,新北市
2545,麥味登新莊米娜,新北市新莊區中原東路30號,02-85229700,,25.054685,121.4647192,新北市
2544,麥味登新莊民安,新北市新莊區民安路45號1樓,02-22025530,,25.0264584,121.4238066,新北市
2532,麥味登三重美福,新北市三重區重陽路三段162號,02-29801388,,25.0677893,121.4897717,新北市
2531,麥味登三重木澄找餐,新北市三重區永福街179號,02-22870179,,25.0751748,121.4789388,新北市
2530,麥味登三重捷運,新北市三重區捷運路37巷14號,02-29877007,,25.0566715,121.4841924,新北市
2529,麥味登三重正義,新北市三重區正義南路79號,02-89762827,,25.0598319,121.498182,新北市
2528,麥味登三重忠孝橋,新北市三重區中正南路131號,02-29749888,,25.0570072,121.4938392,新北市
2527,麥味登三重中興橋,新北市三重區成功路38號,02-29768838,,25.050383,121.4889063,新北市
2526,麥味登三重忠孝,新北市三重區忠孝路三段25號,02-89850138,,25.0673445,121.4813875,新北市
2525,麥味登三重佳德,新北市三重區三民街305號,02-89825825,,25.0689366,121.478184,新北市
2524,麥味登三重進安,新北市三重區自強路五段100號,02-82879992,,25.0836525,121.4966797,新北市
2523,麥味登三重國小,新北市三重區仁愛街23號,02-89762738,,25.071069,121.496978,新北市
2522,麥味登三重國隆,新北市三重區國隆路29號,02-29818809,,25.0643761,121.4925465,新北市
2521,麥味登三重感恩,新北市三重區三陽路61號,02-29896559,,25.0589149,121.4844281,新北市
2520,麥味登三重大同,新北市三重區大同北路97號,02-89855749,,25.0637566,121.494585,新北市
2508,麥味登北大大成,新北市樹林區大成路11號,02-26689550,,24.9452355,121.3823322,新北市
2507,麥味登三峽恩主公,新北市三峽區中山路234號,02-86723234,,24.937461,121.362726,新北市
2506,麥味登三峽大同,新北市三峽區大同路196-2號,02-86741909,,24.927137,121.3710409,新北市
2505,麥味登三峽北大,新北市三峽區大德路190號,02-26724567,,24.9453749,121.3757911,新北市
2504,麥味登土城延平,新北市土城區延平街七號,02-82610041,,24.9917972,121.4680779,新北市
2503,麥味登土城裕民,新北市土城區裕民路259巷24號,02-82601899,,24.9829734,121.455792,新北市
2502,麥味登土城學成,新北市土城區學成路9號,02-82732522,,24.9864719,121.4530779,新北市
2501,麥味登土城日月光,新北市土城區中央路二段61巷42號,02-22707168,,24.978263,121.443861,新北市
2500,麥味登土城明德,新北市土城區明德路一段240巷2號,02-82620030,,24.9775566,121.4601706,新北市
2499,麥味登土城海山,新北市土城區明德路二段199號,02-82621058,,24.9834204,121.4468642,新北市
2498,麥味登土城光明,新北市土城區光明街63號,02-22706879,,24.973318,121.442426,新北市
2497,麥味登土城青雲,新北市土城區青雲路215號,02-22660768,,24.9819173,121.4593819,新北市
2496,麥味登土城清高,新北市土城區明德路一段73號,02-22602220,,24.9835131,121.4656689,新北市
2484,麥味登中和景安,新北市中和區景安路13號,02-89432800,,24.9992265,121.508198,新北市
2483,麥味登中和華新,新北市中和區華新街150號,02-86680570,,24.9825129,121.5077128,新北市
2482,麥味登中和和平,新北市中和區和平街15-1號,02-86680428,,24.9904649,121.5088215,新北市
2481,麥味登中和復興,新北市中和區復興路50號,02-29488698,,24.9902882,121.504235,新北市
2480,麥味登中和福澤,新北市中和區保健路47號,02-89419688,,24.9975543,121.5092823,新北市
2479,麥味登中和德光,新北市中和區德光路14號,02-29620233,,25.0046247,121.4712742,新北市
2478,麥味登永和選手,新北市永和區永貞路152號,02-29229929,,25.0045452,121.5177867,新北市
2477,麥味登永和仁愛公園,新北市永和區永平路320號,02-89213076,,25.0132654,121.506583,新北市
2476,麥味登永和仁愛,新北市永和區仁愛路145號,02-29250236,,25.0129159,121.5114616,新北市
2475,麥味登永和環河,新北市永和區環河西路2段213號,02-29233833,,25.0103272,121.5016722,新北市
2474,麥味登永和福和,新北市永和區福和路343號,02-29219297,,25.0071305,121.5155481,新北市
2473,麥味登永和得和,新北市永和區得和路328號,02-29439796,,24.9992732,121.5231151,新北市
2472,麥味登永和保平,新北市永和區保平路266號,02-29225899,,25.005189,121.508775,新北市
2460,麥味登汐止仁愛,新北市汐止區仁愛路23號,02-26492558,,25.063891,121.659453,新北市
2459,麥味登汐止名城店,新北市汐止區新昌路37-1號,02-86910234,,25.068118,121.662422,新北市
2458,麥味登汐止玖達,新北市汐止區樟樹二路296號,02-26427171,,25.0691825,121.6412293,新北市
2457,麥味登汐止建成,新北市汐止區建成路59巷49號,02-86422575,,25.0724517,121.6611892,新北市
2456,麥味登汐止皇家,新北市汐止區仁愛路166號,02-26433078,,25.0650601,121.6645007,新北市
2455,麥味登汐止福德,新北市汐止區福德一路20號,02-26922316,,25.0693531,121.6386265,新北市
2454,麥味登汐止福氣,新北市汐止區福德一路201巷6號,02-26925177,,25.0654564,121.6354522,新北市
2453,麥味登汐止長江,新北市汐止區長江街65號,02-26482088,,25.0718399,121.6566387,新北市
2452,麥味登汐止茄苳,新北市汐止區茄苳路42-1號,02-86477766,,25.070649,121.665977,新北市
2451,麥味登樹林秀泰,新北市板橋區大觀路三段160巷46號,02-26860822,,24.9941843,121.4297676,新北市
2450,麥味登新北新海,新北市板橋區新海路117號,02-22568688,,25.0228456,121.4610281,新北市
2449,麥味登板橋藝文,新北市板橋區莊敬路99號,02-82570520,,25.026135,121.472637,新北市
2448,麥味登板橋永豐,新北市板橋區永豐街171號,02-29512885,,25.0205948,121.475779,新北市
2436,麥味登板橋金鑽,新北市板橋區金門街324巷7號,02-26860901,,24.985246,121.428018,新北市
2435,麥味登板橋中正,新北市板橋區中正路216巷57號,02-22720613,,25.0191,121.457572,新北市
2434,麥味登板橋莊敬,新北市板橋區莊敬路162號,02-22581447,,25.0225405,121.4713256,新北市
2433,麥味登板橋莒光,新北市板橋區莒光路188號,02-22566826,,25.0225634,121.4740143,新北市
2432,麥味登板橋懷德,新北市板橋區懷德街181巷23號,02-22500350,,25.0304125,121.4801569,新北市
2431,麥味登板橋合安,新北市板橋區合宜路115號,02-29691688,,24.9986231,121.4479224,新北市
2430,麥味登板橋光武,新北市板橋區光武街63號,02-22541266,,25.0257595,121.4674016,新北市
2429,麥味登板橋貴興,新北市板橋區貴興路109號,02-29649695,,25.002512,121.455884,新北市
2428,麥味登板橋光環,新北市板橋區光環路二段76號,02-29627677,,25.014772,121.4814776,新北市
2427,麥味登板橋廣和,新北市板橋區廣和街52號,02-29555560,,24.9942116,121.4622434,新北市
2426,麥味登板橋國光,新北市板橋區國光路187號,02-29682628,,25.0186496,121.46106,新北市
2425,麥味登板橋大崙,新北市板橋區長安街331巷89號,02-29581685,,25.0126561,121.4721187,新北市
2424,麥味登板橋長江,新北市板橋區長江路一段150號,02-22597039,,25.0301741,121.4609439,新北市
2402,麥味登文山世新,臺北市文山區景興路288號,02-29350818,,24.9893689,121.54209181,臺北市
2401,麥味登文山饗食大亨,臺北市文山區羅斯福路五段218巷25號,02-29301098,,25.00207527,121.5375967,臺北市
2388,麥味登內湖園區,臺北市內湖區內湖路一段323巷30號,02-26275822,,25.08428198,121.5678929,臺北市
2387,麥味登內湖文湖,臺北市內湖區文湖街49號,02-87516996,,25.08681076,121.5622466,臺北市
2385,麥味登內湖新明,臺北市內湖區新明路198號,02-27960603,,25.0573165,121.58496787,臺北市
2384,麥味登內湖新湖,臺北市內湖區新湖三路118號,02-27956995,,25.06407794,121.57744897,臺北市
2383,麥味登內湖葫洲,臺北市內湖區民權東路六段296巷67號,02-26333323,,25.07093316,121.60763201,臺北市
2382,麥味登內湖光寶,臺北市內湖區瑞光路392號,-#,0979498491,25.07779954,121.57117732,臺北市
2381,麥味登內湖旗艦,臺北市內湖區文德路90巷43號,02-26272227,,25.07730718,121.5832438,臺北市
2380,麥味登內湖波士店,臺北市內湖區內湖路一段411巷9弄4號,02-26277311,,25.08217871,121.5713842,臺北市
2379,麥味登內湖碧湖,臺北市內湖區金龍路107號,02-87916778,,25.08564854,121.591069,臺北市
2378,麥味登北投陽明,臺北市北投區立農街二段275號,02-28220198,,25.11889675,121.5151923,臺北市
2377,麥味登北投實踐,臺北市北投區實踐街62號,02-28201888,,25.11519898,121.50984865,臺北市
2376,麥味登北投奇岩,臺北市北投區三合街二段463號,02-28985212,,25.12632698,121.501781,臺北市
2361,麥味登北市通化,臺北市大安區通安街54號,02-27065066,,25.03118758,121.55318122,臺北市
2360,麥味登北市瑞安,臺北市大安區瑞安街208巷26號,02-27077551,,25.02886826,121.54040152,臺北市
2359,麥味登北市仁愛,臺北市大安區仁愛路三段24巷1-6號,02-27037182,,25.03678262,121.5356852,臺北市
2358,麥味登北市大安,臺北市大安區大安路二段134號,02-27017080,,25.02980474,121.5458685,臺北市
2357,麥味登北市西松,臺北市松山區健康路325巷6弄2號,02-85095201,,25.05478164,121.56754044,臺北市
2356,麥味登北市參食,臺北市松山區光復北路60巷19-4號,02-25782800,,25.04964094,121.55663097,臺北市
2355,麥味登北市新東興,臺北市松山區八德路四段245巷36號,02-27476080,,25.05008038,121.56438728,臺北市
2354,麥味登北市民生,臺北市松山區民生東路五段153-5號,02-27607148,,25.05932782,121.562469,臺北市
2353,麥味登北市敦北,臺北市松山區敦化北路222巷11號,02-27120158,,25.05928032,121.54825231,臺北市
2352,麥味登大直北安羅伯,臺北市中山區北安路595巷19號,02-85092968,,25.08224179,121.54748587,臺北市
2340,麥味登北市台大,臺北市中正區羅斯福路四段118號,02-23657279,,25.013259,121.53551078,臺北市
2339,麥味登北市和平,臺北市中正區廈門街75號,02-23652299,,25.02479862,121.5175223,臺北市
2336,豆韻,新北市中和區安平路218號,-#,0968297838,24.99990523,121.51390447,新北市
2591,麥味登淡水淡海,新北市淡水區淡海路72巷1號,02-28050511,,25.1811015,121.4233538,新北市
2590,麥味登淡水淡大,新北市淡水區水源街二段56號,02-26295836,,25.1739389,121.4508399,新北市
2589,麥味登淡水北新,新北市淡水區北新路153號,02-26235211,,25.1793258,121.450073,新北市
2588,麥味登八里小麥,新北市八里區中山路二段542號,02-26195768,,25.1464983,121.3973798,新北市
2587,麥味登八里禾渼,新北市八里區頂寮五街7號,02-26188007,,25.1263368,121.4518804,新北市
2586,麥味登五股自強,新北市五股區自強路72號,02-22935789,,25.0732509,121.4329725,新北市
2585,麥味登五股四維,新北市五股區四維路116-1號,02-29889279,,25.0744378,121.4679209,新北市
2584,麥味登五股洲子洋,新北市五股區成泰路三段165號,02-22930223,,25.0919451,121.4451046,新北市
2583,麥味登五股中興,新北市五股區中興路四段48巷1號,02-22951720,,25.0831873,121.4382647,新北市
2582,麥味登五股福臨,新北市五股區五福路93號,02-22916863,,25.0904618,121.4322642,新北市
2581,麥味登蘆洲鷺江99,新北市蘆洲區鷺江街99號,02-22859299,,25.0839673,121.4767636,新北市
2567,麥味登林口民視,新北市林口區信義路154號,02-26019062,,25.0799484,121.3796713,新北市
2566,麥味登林口中山,新北市林口區中山路526號-1,02-26020858,,25.0836254,121.378655,新北市
2565,麥味登林口公園,新北市林口區公園路69號,02-26080267,,25.0691869,121.3677024,新北市
2564,麥味登林口感恩,新北市林口區文化二路一段20巷23號,02-26006228,,25.0675626,121.3655515,新北市
2563,麥味登林口名巧園,新北市林口區仁愛路二段121號,02-26015862,,25.0748483,121.3837049,新北市
2562,麥味登林口貳貳五,新北市林口區文化三路一段225巷13號,02-26099585,,25.0712661,121.3620082,新北市
2561,麥味登泰山泰林,新北市泰山區泰林路二段513號,02-29000565,,25.063799,121.4242518,新北市
2560,麥味登泰山信華,新北市泰山區信華三街171號,02-29009091,,25.0460557,121.4403474,新北市
2559,麥味登泰山仁義,新北市泰山區仁義路143號,02-22962828,,25.0547008,121.432658,新北市
2558,麥味登泰山全興,新北市泰山區福興二街30號,02-29000283,,25.057896,121.4332053,新北市
2557,麥味登新莊自立,新北市新莊區自立街115號,02-29980115,,25.0455706,121.455663,新北市
2543,麥味登新莊龍安,新北市新莊區中正路新建巷55號,02-29017665,,25.0214456,121.4147271,新北市
2542,麥味登新莊中原,新北市新莊區中原路138號,02-85212006,,25.0546244,121.4552645,新北市
2541,麥味登新莊中信,新北市新莊區中信街2號,02-89927177,,25.0509198,121.4516349,新北市
2540,麥味登新莊中平,新北市新莊區中平路121號,02-22771508,,25.046748,121.444635,新北市
2539,麥味登新莊中華,新北市新莊區中華路二段172號,02-29900759,,25.051736,121.4533016,新北市
2538,麥味登新莊建安,新北市新莊區建安街46號,02-22044018,,25.024919,121.427547,新北市
2537,麥味登新莊福興,新北市新莊區公園路238號,02-22761918,,25.0407004,121.4575239,新北市
2536,麥味登新莊昌明,新北市新莊區昌明街22號,02-29905398,,25.0524164,121.4569958,新北市
2535,麥味登三重三賢101,新北市三重區三賢街101號,02-28579101,,25.0887771,121.4880248,新北市
2534,麥味登三重善解,新北市三重區力行路一段176號,02-29850176,,25.0714218,121.4819935,新北市
2533,麥味登三重三和,新北市三重區三和路四段145巷153號,02-22800682,,25.0790783,121.4876549,新北市
2519,麥味登三重車路頭,新北市三重區車路頭街87號,02-22860136,,25.0741467,121.4845887,新北市
2518,麥味登仁愛旗艦,新北市三重區仁愛街660號,02-22862203,,25.0803486,121.4822822,新北市
2517,麥味登鶯歌天囍,新北市鶯歌區尖山路136號,02-86776850,,24.9488741,121.3469382,新北市
2516,麥味登樹林日新,新北市樹林區日新街185號,02-26862525,,24.9875511,121.4200263,新北市
2515,麥味登樹林中華,新北市樹林區中華路39號,02-86868651,,24.9834202,121.423834,新北市
2514,麥味登樹林會贏,新北市樹林區國凱街102號,02-86868732,,24.9797144,121.4222944,新北市
2513,麥味登樹林光榮,新北市樹林區光榮街53號1樓,02-26888936,,25.0034764,121.4121584,新北市
2512,麥味登樹林國凱,新北市樹林區國凱街19號之1,02-86853291,,24.9784881,121.4193157,新北市
2511,麥味登樹林復興,新北市樹林區復興路37號,02-26851566,,24.9936368,121.4220754,新北市
2510,麥味登樹林東榮,新北市樹林區東榮街121號,02-86860063,,24.9820393,121.415217,新北市
2509,麥味登北大學林,新北市樹林區學林路85號,02-26684881,,24.9493365,121.378873,新北市
3160,幸福時光廚房,臺北市中正區台北市中正區濟南路一段321號,02-23930255#,0986589487,25.04189338,121.52551028,臺北市
3141,"Sarabeth's 天母店",臺北市士林區中山北路六段77號2樓,02-28335669#,,25.10533512,121.52458357,臺北市
3124,"mister donut",臺北市萬華區台北市萬華區桂林路1號,02-23816949,,25.0378901,121.5058635,臺北市
3359,恬園餐廳,臺北市大安區新生南路三段30號,02-77122323#2110,0955108182,25.0237499,121.5337443,臺北市
3357,雙醬咖哩(新莊中港店),新北市新莊區中港路503號1樓,02-2770051#,,25.0503308,121.45202,新北市
3356,私嚐の吃飯-北大店,新北市樹林區學勤路322號1樓,02-26689700#,,24.9473531,121.3793371,新北市
1984,勤誠興業-員工餐廳,新北市新莊區中原路558號18樓,02-82265500#,,25.05468078,121.44511617,新北市
1983,微星員工餐廳,新北市中和區立德街69號,02-32345599#1088,0928715350,25.00798842,121.48722017,新北市
3351,青青食尚花園會館,臺北市士林區至善路二段266巷32號,02-28411996#309,0913999282,25.0985716,121.5507169,臺北市
3470,叁陸伍貳懷舊港式冰室,臺北市萬華區昆明街99號,-#,0909037770,25.0423513,121.5048008,臺北市
3467,味の屋,臺北市北投區實踐街67號,02-28283230#,0986146688,25.1153486,121.5100259,臺北市
3441,"PINK SALT｜披薩｜義麵",臺北市信義區忠孝東路五段423巷28號,02-27564233#,,25.0424048,121.5754615,臺北市
3439,鉦富咖哩屋,新北市蘆洲區永平街32巷22弄4號,02-82853047#,,25.0921337,121.4598398,新北市
3438,丼賞和食焼き物vs刺身丼丼專門店,臺北市中山區南京東路二段140號B1,02-25175526#,,25.0517795,121.5338937,臺北市
3426,翟記牛肉麵食館,臺北市大安區通安街80號,02-87717195#,,25.0303244,121.5531003,臺北市
3425,"BinB書䏱 Bar in Book",新北市板橋區民生路三段140號,02-82510325#,0981933559,25.0271619,121.4663723,新北市
3422,帽哥海味,臺北市信義區忠孝東路四段559巷16弄8號1樓,-#,0915099822,25.0422637,121.5641154,臺北市
3420,"初點良食 Dim sum shop",臺北市中山區龍江路394巷2號,-#,0989436972,25.0671,121.540876,臺北市
3418,"小食聊聊 Brunch",新北市蘆洲區中山二路147號,02-82851231#,,25.0814222,121.4716915,新北市
3417,"好味道 排骨大王(永和店)",新北市永和區中正路548之2號,02-29226166#,,25.0054454,121.5173316,新北市
3618,老舅的家鄉味,臺北市松山區復興北路307號,02-27181122#,,25.0585947,121.5445063,臺北市
3617,鬼匠拉麵2（板橋永豐店）,新北市板橋區永豐街77號,02-29551196#,,25.0188134,121.4734633,新北市
3616,芽米早午餐(木柵店),臺北市文山區秀明路二段16號,02-29393166#,,24.991606,121.574356,臺北市
3615,隨意吧(公企店),臺北市大安區金華街187號1樓,02-23416777#,,25.0305646,121.527678,臺北市
3614,上環茶餐廳,新北市永和區中山路一段126號,02-29202088#,,25.0101719,121.5104834,新北市
3612,金春發牛肉店(復北店),臺北市中山區復興北路202號,02-25026806#,,25.0556364,121.5438603,臺北市
3611,中環茶餐廳,新北市林口區文化三路二段185號,02-26095308#,,25.0825845,121.375863,新北市
3595,烤肉工廠,臺北市大安區忠孝東路四段216巷27弄2號,02-87717345#,,25.0397665,121.5534098,臺北市
3591,黃到即食鍋燒麵(中和店),新北市中和區國光街107巷4弄30號,-#,0909670810,24.9990065,121.4697033,新北市
3573,咖啡弄(士林店),臺北市士林區台北市士林區中正路253號2樓,02-28883322#,,25.0949519,121.5250049,臺北市
3571,咖啡弄(敦化店),臺北市大安區台北市大安區敦化南路一段187巷42號2樓,02-27111910#,,25.0424491,121.5514325,臺北市
3563,鬥牛士(長安店),臺北市中山區長安東路二段169之12號2樓,02-27406660#,,25.0484864,121.5407643,臺北市
3512,成家小館,臺北市文山區木新路三段154號,02-29374611#,0936951969,24.9819877,121.5612754,臺北市
3511,大衛小小羊,臺北市士林區國泰街9號,02-28619668#,,25.1366721,121.5425382,臺北市
3483,肆六巷,新北市新莊區中誠街46巷5號,-#,0918309905,25.0483598,121.4510521,新北市
3480,蓋子普拉斯小餐館,臺北市大安區忠孝東路三段10巷22號,02-27118571#,,25.0407583,121.5333229,臺北市
3479,優喜-鍋物專門店,臺北市信義區基隆路一段147巷5弄5號,02-27493636#,,25.0427073,121.5660743,臺北市
3477,鑫丼,新北市蘆洲區中山二路42號,-#,0983102512,25.0821901,121.4741977,新北市
3506,蒔朵日式舒芙蕾厚鬆餅,新北市板橋區南雅西路二段124號,02-89697605#,0981227584,25.0125067,121.452112,新北市
3505,留香園,新北市永和區永貞路283號,02-29228998#,,25.0051668,121.5111913,新北市
3504,"粥太郎 粥品·麵食",新北市中和區南山路49號,02-22426628#,,24.9985263,121.5021537,新北市
3503,楚門咖啡．餐館,新北市板橋區新海路5號,-#,0906381747,25.0205688,121.4625539,新北市
3501,美香早餐店,新北市新莊區後港一路28巷4弄8號,02-22019802#,0927372303,25.0254523,121.4251823,新北市
3498,天下食堂,臺北市中山區安東街4之5號,02-27771163#,0976800437,25.0465223,121.541694,臺北市
3496,樂犇牛排(中和店),新北市中和區中和路350巷1號,02-29220089#,0909299569,25.0013751,121.5103069,新北市
3663,谷炭燒肉(市民店),臺北市大安區市民大道四段12之2號,02-27119500#,,25.0446428,121.5444543,臺北市
3658,"号鳥食趣義大利洋食 X 烤泡芙專賣",新北市三峽區大觀路7號,02-86710208#,,24.9437575,121.3755596,新北市
3652,"台北花園大酒店-花園thai thai",臺北市中正區中華路二段1號,02-23121000#,,25.0363705,121.5068203,臺北市
3697,Party創作美食茶房,新北市永和區竹林路222號2樓,02-89211103#,0916365553,25.007961,121.5206992,新北市
3696,韓宮韓式料理,臺北市中山區長安東路二段49之1號,02-25235380#,,25.0485926,121.5323787,臺北市
2130,"Q Burger內湖麗山店",臺北市內湖區內湖路一段629巷41號1樓,02-26276424,,25.08155843,121.57502817,臺北市
2129,"Q Burger松山南京五店",臺北市松山區南京東路五段250巷18弄2-1號,02-27565258,,25.04982542,121.56615417,臺北市
2121,YAYOI彌生軒-環球板橋車站店,新北市板橋區縣民大道二段7號2樓,02-89693056#,0289693056,25.01409671,121.46374847,新北市
2101,麥味登北市龍江1店,臺北市中山區龍江路244號,02-77292550,,25.05915736,121.54063564,臺北市
2100,麥味登北市健康店,臺北市松山區健康路15巷13號,02-25148117,,25.05460752,121.5525518,臺北市
2099,麥味登北市忠孝店,臺北市信義區忠孝東路5段524巷6號,02-23463923,,25.04090134,121.57951334,臺北市
2098,麥味登北市府捷運店,臺北市信義區基隆路1段147巷12號,02-27491801,,25.04226754,121.566183,臺北市
2097,麥味登北市世貿莊敬店,臺北市信義區莊敬路203號,02-87861811,,25.03062646,121.56153197,臺北市
2045,中國人壽總部員工餐廳(自有),臺北市松山區敦化北路135號B2,02-27196678#1991,,25.05298554,121.54945427,臺北市
2292,大地酒店-月兒彎彎,臺北市北投區奇岩路1號,02-55518888#,,25.13473958,121.50732507,臺北市
2291,大地酒店-奇岩一號,臺北市北投區奇岩路1號,02-55518888#,,25.13473958,121.50732507,臺北市
2287,"DRIP CAFE好滴咖啡-環球板橋車站店",新北市板橋區縣民大道二段七號2F,02-29609288#,0229609288,25.0141646,121.46361497,新北市
2286,一幻拉麵/胡同居酒屋-環球板橋車站店,新北市板橋區縣民大道二段7號2F,02-89693132#,0289693132,25.01414516,121.46360424,新北市
2285,京都勝牛-環球板橋車站店,新北市板橋區縣民大道二段7號2樓,02-29665589#,0229665589,25.01414516,121.46360424,新北市
2114,"UCC Café Mercado (天母SOGO店)",臺北市士林區中山北路六段77號B1樓,02-28350652#,,25.10528655,121.52456211,臺北市
2112,臺灣企銀總行大樓員工餐廳,臺北市大同區塔城街30號18樓,02-25597171#2860,,25.05111214,121.5103695,臺北市
2095,麥味登北市文山木柵店,臺北市文山區木柵路三段55號,02-86617903,,24.98865518,121.56640184,臺北市
2094,麥味登北市台視店,臺北市松山區八德路三段12巷5弄6號,02-25795877,,25.04746146,121.55082497,臺北市
2091,麥味登北市敦南遠企店,臺北市大安區敦化南路二段63巷5號,02-27035003,,25.03109158,121.54944162,臺北市
2090,麥味登北市信義基隆店,臺北市信義區基隆路二段131-2號,02-27327880,,25.02808468,121.5568131,臺北市
2089,麥味登北市六張犁店,臺北市信義區基隆路二段183號1樓,02-27323011,,25.02486483,121.5533861,臺北市
1822,大地酒店-喜歡廳,臺北市北投區奇岩路一號,02-55518888#,,25.13500707,121.5070208,臺北市
1820,新盛員工餐廳,臺北市中正區忠孝東路一段12號B3,09-75236333#,0975236333,25.04489784,121.52228103,臺北市
1597,八方雲集三重三民店,新北市三重區三民街285號1樓,02-29887158#,,25.0685693,121.47877014,新北市
1591,Oohchacha自然食(古亭店),臺北市中正區南昌路二段207號,02-23677133#,,25.0250857,121.52340554,臺北市
1589,愛加倍餐廳,臺北市文山區萬美街一段19巷5之1,02-22303518#,,25.00194771,121.568657,臺北市
1587,綠帶純植物烘焙,臺北市松山區民生東路五段36巷8弄64號1樓,02-27477668#,,25.05719842,121.56050274,臺北市
1569,"Machikaka 智允餐飲",臺北市中山區南京東路三段216巷4號一樓,02-27772777#,,25.051399,121.54332348,臺北市
1326,"金色三麥 新莊晶冠店",新北市新莊區新北市新莊區五工路66號1樓,02-85228989,,25.06389994,121.4587574,新北市
1324,金色三麥南港CITYLINK店,臺北市南港區台北市南港區忠孝東路七段299號C棟1樓,02-27827000,,25.05276486,121.6050942,臺北市
1323,"金色三麥 信義誠品店",臺北市信義區台北市信義區松高路11號B1,02-87895911,,25.03983973,121.5657056,臺北市
1322,"金色三麥 台北京站店",臺北市大同區台北市大同區承德路1段1號4樓,02-77370909,,25.04946534,121.5177667,臺北市
1321,"金色三麥 台北美麗華店",臺北市中山區台北市中山區敬業3路20號5樓,02-21753739,,25.08347237,121.5574008,臺北市
5658,北村豆腐家(大巨蛋),臺北市信義區忠孝東路四段515號B2,02-27610688#,,25.0423915,121.5595072,臺北市
5657,"bhc CHICKEN",臺北市信義區忠孝東路四段515號B2,02-27560809#,,25.0423915,121.5595072,臺北市
5654,"MJ Kitchen",臺北市中正區民生東路三段6號,02-77503337#,0277503337,25.057504,121.5375504,臺北市
5651,樂檸漢堡（新北新莊棒球場門市）,新北市新莊區新泰路232號,02-29946215#,,25.0393371,121.4466081,新北市
5671,"Aye Taipei",臺北市中山區林森北路138巷15號一樓,02-25672485#,0937290679,25.0516039,121.5247878,臺北市
5670,娜咔泰式燒烤,新北市三重區河邊北街100巷35號,02-29766633#,,25.0702315,121.5024702,新北市
5667,"筷炒台式餐館 Kuaichao Taiwanese Food & Beer",臺北市信義區信義區松仁路58號14樓,02-27580520#,,25.0368001,121.5681278,臺北市
5663,勝勢日式豬排(大巨蛋),臺北市信義區忠孝東路四段515號B2,02-27615168#,,25.0423915,121.5595072,臺北市
5662,樂天小香港(大巨蛋),臺北市信義區忠孝東路四段515號B2,02-27615068#,,25.0423915,121.5595072,臺北市
5643,菊川四代目-SOGO天母店,臺北市士林區中山北路六段77號8樓,02-28330069#,,25.105306,121.5245943,臺北市
5642,八八燒肉,臺北市信義區松仁路58號14樓,02-27298588#,,25.0368001,121.5681278,臺北市
5618,雪嶽山韓式料理台北101店,臺北市信義區市府路45號B1,02-81018503#,,25.0338211,121.5644443,臺北市
5608,鼎泰豐天母店,臺北市士林區中山北路六段77號B1,02-28338900#,,25.105306,121.5245943,臺北市
1500,跳舞香水板橋大遠百,新北市板橋區新站路28號,02-29612323#,0902067695,25.01365785,121.4671025,新北市
1495,肉劇場大食代板橋店,新北市板橋區新站路28號,02-29626262#,0910974761,25.01365785,121.4671025,新北市
1493,惠比壽烏龍麵,新北市板橋區新站路28號,02-77054168#,0932013894,25.01365785,121.4671025,新北市
1488,韓本家,新北市板橋區新站路28號,02-27512588#,0930661223,25.01365785,121.4671025,新北市
1439,玉山銀行(第二總部大樓)員工餐廳,臺北市松山區敦化北路315號,02-21751313#8181,,25.05923869,121.55108,臺北市
1437,中國信託內湖行政大樓員工餐廳,臺北市內湖區安康路22巷33號4樓,02-81787777#,0932634876,25.06153734,121.5944279,臺北市
1435,中國信託金融園區員工餐廳,臺北市南港區經貿二路168號4樓,02-33277777#8922,0932634876,25.05901721,121.6164454,臺北市
1426,魔法咖哩,新北市淡水區中山路8號8樓,02-26206123#,,25.16929925,121.4451055,新北市
1423,"Psyaq  Cikay Ma食坊",新北市烏來區福山里卡拉模基26號,-#,0916127010,24.7805666,121.503271,新北市
5867,樸樹咖啡興岩店,臺北市文山區興隆路二段88號、88-1號,02-29335626#,0936257019,25.0005101,121.5492662,臺北市
5866,"占元府 玉小蘭",臺北市松山區敦化北路340-10號2樓,02-25461258#,,25.0636811,121.5518476,臺北市
5837,洋洋肉骨茶(松機T2),臺北市松山區敦化北路340-10號2樓,-#,0906713838,25.0636811,121.5518476,臺北市
5832,中華電信學院員工餐廳,新北市板橋區民族路168號,02-29639318#,0937008288,25.0077991,121.46621,新北市
5854,草泥Cafe,臺北市大安區安東街35巷31號1樓,02-27362567#,,25.044269,121.543385,臺北市
5853,燒肉殿,臺北市大安區敦化南路一段160巷19號,02-27315415#,,25.0436955,121.5476201,臺北市
5852,"棠棠 DonDonStudio",臺北市大安區大安路一段31巷20號,02-27769178#,,25.0439134,121.5471748,臺北市
5851,調味品串酒坊,臺北市大安區忠孝東路三段251巷13弄6號1樓,-#,0928233583,25.0438005,121.5419351,臺北市
5824,新馬辣經典麻辣鍋板橋遠百店,新北市板橋區中山路一段152號、遠東百貨11F櫃號-1103號,02-29512456#,,25.0109757,121.4644519,新北市
1293,福園中餐廳,新北市深坑區北深路三段236號,02-26620088#122,0930659909,25.0044192,121.6012303,新北市
1292,華南銀行員工餐廳,臺北市信義區松仁路123號3樓,02-23713111#3233,,25.03445716,121.5692094,臺北市
1291,玉山銀行員工餐廳,臺北市松山區民生東路三段117號,02-21751313#8139,,25.05830802,121.5469416,臺北市
1283,南亞光電員工餐廳,新北市樹林區味王街55號,02-26806311#5582,,24.97360355,121.4052317,新北市
2471,麥味登新店順聯,新北市新店區復興路16號,02-29141418,,24.9869019,121.5396257,新北市
2470,麥味登新店綠野香坡,新北市新店區安祥路139號,02-22001700,,24.9558947,121.4747809,新北市
2469,麥味登新店佳燁,新北市新店區安和路3段134號,02-86683580,,24.98603,121.516382,新北市
2468,麥味登新店建國,新北市新店區建國路236號,02-29118958,,24.9818028,121.5378263,新北市
2467,麥味登新店光華,新北市新店區光華街10號,02-22119009,,24.969076,121.517778,新北市
2466,麥味登新店大坪林,新北市新店區北新路三段70號,02-29129555,,24.9804975,121.5420747,新北市
2465,麥味登新店寶興,新北市新店區寶興路47-1號,02-89193100,,24.9733453,121.5494433,新北市
2464,麥味登新店安康,新北市新店區安康路三段25號,02-22156557,,24.9531606,121.493323,新北市
2463,麥味登新店安德,新北市新店區安德街34號,02-22124693,,24.9628293,121.511564,新北市
2462,麥味登貢寮福隆,新北市貢寮區興隆街20號,02-24991035,,25.0168207,121.944793,新北市
2461,麥味登瑞芳明燈,新北市瑞芳區明燈路三段81號,02-24976263,,25.1083113,121.8051859,新北市
2447,麥味登板橋文聖,新北市板橋區文聖街182號,02-22542777,,25.026734,121.4792161,新北市
2446,麥味登板橋體育館2,新北市板橋區南雅西路二段143號,02-22727977,,25.0116191,121.452207,新北市
2445,麥味登板橋體育館,新北市板橋區中正路17號,02-22727177,,25.0124084,121.456071,新北市
2444,麥味登板橋三民,新北市板橋區三民路二段202-13號,02-29630916,,25.0138591,121.4788757,新北市
2443,麥味登板橋松江,新北市板橋區松江街86號,02-22507050,,25.0281414,121.4686857,新北市
2442,麥味登板橋實踐,新北市板橋區實踐路38號,02-29597877,,25.0073404,121.4634138,新北市
2441,麥味登板橋校前,新北市板橋區校前街76號,02-29615889,,25.0032558,121.4620592,新北市
2440,麥味登板橋龍泉,新北市板橋區龍泉街120號,02-22542268,,25.0242767,121.4569564,新北市
2439,麥味登板橋金世紀錄,新北市板橋區長江路二段47號,02-22541831,,25.0315288,121.4641454,新北市
2438,麥味登板橋金門,新北市板橋區金門街147號,02-86871568,,24.9907555,121.4328506,新北市
2437,麥味登板橋致理,新北市板橋區文化路一段311-2號,02-22566222,,25.0205923,121.4657649,新北市
2423,麥味登板橋重慶,新北市板橋區重慶路308巷14號,02-29558858,,24.9977394,121.4636854,新北市
2422,麥味登板橋長安,新北市板橋區長安街349號,02-29519353,,25.0124701,121.4749108,新北市
2398,麥味登文山木新,臺北市文山區木新路二段277號,02-29398080,,24.98287063,121.5659902,臺北市
2397,麥味登文山政大,臺北市文山區萬壽路25巷3號,02-29381314,,24.98854625,121.5760303,臺北市
2396,麥味登文山滬江,臺北市文山區羅斯福路六段455巷21號1樓,02-29351157,,24.9901326,121.54048874,臺北市
2395,麥味登景興饗食大亨,臺北市文山區景興路40號,02-29325657,,24.99709853,121.54449381,臺北市
2393,麥味登文山木星好運,臺北市文山區木新路三段315號,02-29360988,,24.9805472,121.55678552,臺北市
2391,麥味登南軟園區,臺北市南港區新民街81號,02-27833313,,25.05560864,121.6111361,臺北市
2390,麥味登北市同德,臺北市南港區同德路54號,02-27855330,,25.04539466,121.58481617,臺北市
2389,麥味登北市昆陽,臺北市南港區昆陽街94號,02-27883965,,25.0517162,121.59344654,臺北市
2373,麥味登信義福德,臺北市信義區福德街246號,02-27271825,,25.0387554,121.58521177,臺北市
2372,麥味登北市永春,臺北市信義區忠孝東路五段372巷27弄77-1號,02-27220602,,25.03982146,121.57659451,臺北市
2369,麥味登北市松仁,臺北市信義區松仁路232號,02-27585197,,25.02524204,121.56904027,臺北市
2368,麥味登北市松德,臺北市信義區松德路193號,02-27260169,,25.03555198,121.57479472,臺北市
2367,麥味登北市大道,臺北市信義區大道路50號,02-27598668,,25.04131982,121.582126,臺北市
2366,麥味登北市百勝,臺北市信義區吳興街281巷14號,02-27584827,,25.02643132,121.56438954,臺北市
2365,麥味登萬華雙園,臺北市萬華區雙園街148號,02-22123484,,25.03160606,121.49187307,臺北市
2351,麥味登北市神通,臺北市中山區新生北路三段69-1號,02-25866260,,25.0665107,121.52808374,臺北市
2349,麥味登北市榮星花園,臺北市中山區五常街85號,02-25082251,,25.06445481,121.54068991,臺北市
2348,麥味登北市國王,臺北市中山區民生東路一段5號,02-25115091,,25.05810014,121.52344764,臺北市
2347,麥味登北市國王二,臺北市中山區長春路147-2號,02-25312636,,25.05499198,121.53232854,臺北市
2345,麥味登北市長安東,臺北市中山區長安東路二段72號,02-25065763,,25.04830374,121.53365587,臺北市
2344,麥味登北門塔城,臺北市大同區塔城街48號,02-25522215,,25.05239182,121.5102674,臺北市
2343,麥味登北市民權,臺北市大同區民權西路234號,02-25506676,,25.06277196,121.5129743,臺北市
2342,麥味登北市昌吉,臺北市大同區昌吉街27號,02-25996761,,25.06595618,121.51703947,臺北市
2341,麥味登北市重慶,臺北市大同區重慶北路一段61號1F,02-25593866,,25.05139464,121.51410927,臺北市
1230,"Lady nara台北忠孝SOGO店",臺北市大安區忠孝東路四段45號12樓,02-27712585#,,25.04210739,121.5450243,臺北市
1229,海角阿鄉海產店,新北市淡水區觀海路26號,02-28053411#,,25.1818096,121.4187721,新北市
1225,樂玩精品咖啡新北新莊店,新北市新莊區中平路439號,02-85214396#,0984396861,25.05685897,121.4440473,新北市
1159,雲仙樂園中餐廳,新北市烏來區瀑布路1-1,02-26616510#,,24.8491161,121.5515247,新北市
5728,咖哩樹-台北京站店,臺北市大同區承德路一段1號B3,02-77290799#,,25.0367849,121.5679566,臺北市
5727,粵亮廣式料理,臺北市南港區忠孝東路七段359號8樓,02-66156528#,,25.0205687,121.4625315,臺北市
5726,咖哩樹-板橋環球店,新北市板橋區縣民大道二段七號B1,02-29602727#,,25.0205687,121.4625315,新北市
5590,吉得堡-錦秀店,新北市新店區錦秀路22號1樓,02-22154682#,,24.9443041,121.4791994,新北市
5589,文林早餐店,新北市樹林區千歲街61巷40弄2號,02-26873339#,,24.9986804,121.425865,新北市
5588,31早午餐,新北市蘆洲區和平路171號,02-82861790#,,25.0809969,121.466503,新北市
1273,遠東SOGO忠孝店員工餐廳,臺北市大安區忠孝東路四段45號,02-27765555#1506,,25.04229243,121.5453255,臺北市
1269,威剛科技(股)公司員工餐廳,新北市中和區258號2樓,02-82280886#12952,,24.99670497,121.4869496,新北市
1237,金寶電子深坑廠員工餐廳,新北市深坑區北深路3段147號,02-26622660#,,25.00296163,121.6036781,新北市
1236,富群休閒農園,新北市淡水區北新路一段129-1號,02-26282899#,0933709906,25.18239155,121.4582778,新北市
1143,敘日全日餐廳,臺北市南港區忠孝東路七段359號7樓,02-66156526#,0266156526,25.052592,121.607193,臺北市
1139,雙翼食品,新北市樹林區忠愛街三號4樓,02-26895506#,0962013518,25.01630251,121.4090879,新北市
1212,金色三麥,新北市板橋區新站路28號,02-77054168#,,25.01362869,121.4674029,新北市
1123,主悅海鮮料理,新北市石門區崁子腳41之2號,02-26381749#,0980012230,25.28792148,121.5333208,新北市
1122,伊莎貝拉海灘咖啡館,新北市石門區15號,02-86352262#,,25.2864619,121.5129897,新北市
1121,黑毛屋本家(復興SOGO店),臺北市大安區忠孝東路三段300號11樓,02-27315199#,,25.041063,121.543232,臺北市
1119,Camo咖啡,臺北市大安區和平東路一段129號,02-33433931#,0909778712,25.027393,121.528641,臺北市
1118,老乾杯(復興SOGO店),臺北市大安區忠孝東路三段300號11樓,02-27316555#,,25.041131,121.543221,臺北市
1116,馬岸泰雅美食,新北市烏來區福山村大羅蘭25號,02-26616105#,0989535269,24.77907441,121.5031719,新北市
1113,成真咖啡（天母SOGO店）,臺北市士林區士林區中山北路六段77號1樓,02-28368881#,0958836913,25.105524,121.524637,臺北市
676,"Nara Thai Cuisine 台北忠孝SOGO 店",臺北市大安區忠孝東路四段45號11樓,02-27718939#,,25.041902,121.544883,臺北市
674,黑毛屋天母SOGO店,臺北市士林區中山北路6段77號8樓,02-28366018#,,25.105007,121.524278,臺北市
669,點水樓(復興SOGO店),臺北市大安區忠孝東路三段300號11樓,02-87725089#,,25.041212,121.543057,臺北市
667,EN和食(復興SOGO店),臺北市大安區忠孝東路三段300號11樓,02-77450796#,,25.041212,121.543057,臺北市
666,新葡苑(復興SOGO店),臺北市大安區忠孝東路三段300號10樓,02-87720177#,,25.041212,121.543057,臺北市
1206,港都熱炒,新北市中和區大勇街10號,02-29406751#,0952320718,24.99288579,121.5175827,新北市
1203,河內老街河粉,新北市板橋區新站路28號,02-77054168#,,25.01362869,121.4674029,新北市
1201,本田食堂,新北市板橋區新站路28號,02-77054168#,0903702607,25.01370647,121.4674673,新北市
1187,明緯員工餐廳,新北市五股區五權三路28號,02-22996100#118,0910161718,25.065225,121.454361,新北市
1178,養心茶樓,臺北市中山區松江路128號2樓,02-25428828#,,25.05280532,121.53277114,臺北市
5627,桃源二村,臺北市信義區基隆路二段193號,-#,0938529729,25.0247386,121.5532095,臺北市
5625,新馬辣-信義遠百店,臺北市信義區松仁路58號14樓、遠東百貨櫃號-1402號,02-27202118#,,25.0368823,121.5681356,臺北市
5624,Hooters,臺北市信義區松仁路58號14樓,02-27290168#,,25.0368001,121.5681278,臺北市
5623,"旭集 和食集錦SUNRISE 信義店",臺北市信義區松仁路58號9F,02-87803366#,,25.0367556,121.5679505,臺北市
5621,朱記餡餅粥(信義A13店),臺北市信義區松仁路58號4F,02-87864101#,,25.0367849,121.5679566,臺北市
5606,春水堂人文茶館,臺北市信義區松仁路58號4樓,02-87863356#,,25.0367849,121.5679566,臺北市
5605,忠青商行/遠百信義,臺北市信義區松仁路58號4樓,02-27223700#,,25.0367849,121.5679566,臺北市
5597,燒肉LIKE,臺北市士林區中山北路六段77號6樓,02-28353788#,0958716753,25.10498755,121.52426727,臺北市
5585,添好運板橋遠百店,新北市板橋區新站路28號Ｂ1,02-29557978#,,25.0138151,121.4670443,新北市
5578,鼎泰豐板橋店,新北市板橋區新站路28號B1,02-22267890#5105,,25.0138151,121.4670443,新北市
5576,璐璐早餐店,新北市中和區泰和街23號,02-22460928#,,25.000084,121.499643,新北市
5575,尚品香精緻早午餐-台北酒泉店,臺北市大同區酒泉街106號,02-25867600#,,25.071877,121.5142493,臺北市
461,"默爾Pasta Pizza(信義誠品店)",臺北市信義區松高路11號5樓,02-27224660#,,25.039515,121.565242,臺北市
2495,麥味登雙和圓通,新北市中和區圓通路242號,02-22421165,,24.992224,121.4945844,新北市
2494,麥味登中和英雄,新北市中和區興南路二段79號,02-89434686,,24.9848762,121.5065617,新北市
2493,麥味登中和陽光,新北市中和區中山路二段2巷45弄12號,02-82453053,,25.0069094,121.5019721,新北市
2492,麥味登中和遠東世紀,新北市中和區建一路188號1樓,02-82271800,,24.9966654,121.4874531,新北市
2491,麥味登中和新生,新北市中和區民樂路54號,02-22229635,,25.0011213,121.4833073,新北市
2490,麥味登中和秀朗,新北市中和區秀朗路３段128巷2號,02-29435788,,24.9929073,121.5245649,新北市
2489,麥味登中和壽德,新北市中和區壽德街21號,02-29526863,,24.9953283,121.4658654,新北市
2488,麥味登中和泉日青,新北市中和區連城路89巷7-2號,02-82458368,,24.9993813,121.4973121,新北市
2487,麥味登中和民德,新北市中和區民德路155號,02-29628388,,24.9999074,121.4687492,新北市
2486,麥味登中和景新,新北市中和區景新街35號,02-22450559,,24.999171,121.503992,新北市
2485,麥味登中和吉仁,新北市中和區大仁街19巷1號,02-86680256,,24.9931383,121.5176526,新北市
1131,富士海鮮餐廳,新北市貢寮區東興街8號,02-24991001#,0932013894,25.02019692,121.9512839,新北市
1127,魚佳餚餐廳,新北市貢寮區東興街36號,02-24992265#,0989653060,25.01839494,121.9497149,新北市
1126,蘇義興餐廳,新北市雙溪區中華路77號,02-24931027#,0988098298,25.03745522,121.8668928,新北市
1125,老礦工食堂,新北市瑞芳區金瓜石祈堂路72-1號,02-29314996#,0988127359,25.11093511,121.8590462,新北市
654,"非常泰（天母sogo 店）",臺北市士林區中山北路六段77號8樓,02-28310188#,,25.105007,121.524278,臺北市
647,新葡苑（天母SOGO店）,臺北市士林區中山北路6段77號8樓,02-28366628#,,25.105007,121.524278,臺北市
645,紅豆食府(天母SOGO店),臺北市士林區中山北路六段77號8F,02-28332208#,,25.040146,121.548441,臺北市
644,朱記餡餅粥(天母SOGO店),臺北市士林區中山北路6段77號8樓,02-28353619#,,25.105007,121.524278,臺北市
582,晶湯匙泰式主題餐廳,臺北市大安區忠孝東路三段300號10樓,02-87725006#,,25.041155,121.55628,臺北市
2318,洗心壽司割烹,臺北市大安區敦化南路一段295巷9號,-#,0981295295,25.03560914,121.54990647,臺北市
2018,樂檸漢堡（信義遠百門市）,"臺北市信義區松仁路58號B3（A13 信義遠百 B3）",02-27255260#,,25.03684216,121.5677823,臺北市
2017,樂檸漢堡（忠孝敦化門市）,臺北市大安區忠孝東路四段223巷47號,02-87720607#,,25.042859,121.5527883,臺北市
2016,樂檸漢堡（南京三民門市）,臺北市松山區光復北路11巷99-1號,02-27620398#,,25.05046132,121.5624299,臺北市
2009,聚寶員工餐廳,臺北市松山區敦化北路158號,02-27156888#1560,,25.05552462,121.54834234,臺北市
2008,三才靈芝生態農場民宿,新北市石碇區中民村十八重溪52-1號,02-26633995#,0922189238,25.01333653,121.675031,新北市
1111,桃樂絲森林餐廳,新北市八里區荖阡村荖阡坑路34之5號,02-86303356#,,25.124798,121.407965,新北市
1085,食在森林,新北市烏來區福山里3鄰卡拉模基21號,-#,0955658845,24.78059,121.503253,新北市
1972,"PRIME ONE 牛排館",臺北市中正區中華路二段1號,02-23143300#3368,,25.03634132,121.5068203,臺北市
296,"布拉德施維根廚房 Brother Su Vegan Kitchen",新北市中和區南華路29號,-,,24.996019,121.503,新北市
290,板橋凱撒大飯店(家宴中餐廳),新北市板橋區縣民大道二段8號,02-89539777#,,25.011662,121.462638,新北市
288,板橋凱撒大飯店(卡拉拉餐廳),新北市板橋區縣民大道二段8號,02-89539777#,,25.011662,121.462638,新北市
328,"古拉爵 義式屋-家樂福重新店",新北市三重區重新路5段654號B1,02-85124712#,,25.04307,121.467123,新北市
324,"古拉爵 義式屋-新店家樂福店",新北市新店區中興路3段1號7樓,02-29144822#,,24.975878,121.546235,新北市
323,"古拉爵 義式屋-欣欣百貨店",臺北市中山區台北市中山區林森北路247號2樓,02-25427680#,,25.054131,121.52556,臺北市
369,涮乃葉-南港中信店,臺北市南港區台北市南港區經貿二路188-1號2樓(中信總部C棟),02-26530155#,,25.036732,121.567967,臺北市
368,涮乃葉-信義遠百店,臺北市信義區台北市信義區松仁路58號7樓,02-27230698#,,25.036732,121.567967,臺北市
360,涮乃葉-統一時代市府店,臺北市信義區台北市信義區忠孝東路5段8號3樓,02-27230646#,,25.040865,121.565417,臺北市
355,涮乃葉-汐止遠雄店,新北市汐止區新台五路一段99號B1,-,,25.06162,121.648248,新北市
382,TINA廚房－鶯歌店,新北市鶯歌區尖山路5號,02-26772859#,,24.950641,121.352018,新北市
376,SKYLARK加州風洋食館-新店家樂福店,新北市新店區中興路3段1號7樓,-,,24.975878,121.546235,新北市
374,SKYLARK加州風洋食館-和平公園店,臺北市中正區台北市中正區懷寧街90號,02-23756364#,,25.042784,121.513983,臺北市
373,SKYLARK加州風洋食館-東湖康寧店,臺北市內湖區台北市內湖區康寧路3段72號,02-26332850#,,25.070209,121.611273,臺北市
372,SKYLARK加州風洋食館-士林中山北店,臺北市士林區台北市士林區中山北路5段565號,02-28837742#,,25.095191,121.527781,臺北市
352,涮乃葉-欣欣百貨店,臺北市中山區台北市中山區林森北路247號2樓,02-25416320#,,25.054131,121.52556,臺北市
351,涮乃葉-板橋遠百中山店,新北市板橋區中山路1段152號10樓,-,,25.011113,121.464344,新北市
344,"古拉爵 義式屋-板橋愛買店",新北市板橋區貴興路101號3樓,02-29644886#,,25.002668,121.456215,新北市
343,"古拉爵 義式屋-林口三井店",新北市林口區文化三路1段356號2樓,02-26069130#,,25.071241,121.363547,新北市
341,"古拉爵 義式屋-南港中信店",臺北市南港區台北市南港區經貿二路166號2樓(中信總部A棟),02-27892688#,,25.058395,121.616125,臺北市
308,燒肉哦爺-日韓燒肉吃到飽(板橋府中店),新北市板橋區館前東路48號2.3樓,02-89538153#,,25.00719,121.46077,新北市
306,鹿兒島燒肉專賣店-新莊中華店,新北市新莊區中華路二段65號1樓,02-29909950#,,25.012256,121.466684,新北市
305,鹿兒島燒肉專賣店-板橋新板店,新北市板橋區中山路一段164-1號,02-29625099#,,25.012256,121.466684,新北市
304,橫濱牛排-微風南京店,臺北市松山區南京東路3段337號3樓,02-87125575#,,25.051963,121.547995,臺北市
279,鍋賣局(板橋新板店),新北市板橋區中山路一段130號,-,,25.010767,121.463475,新北市
278,彭園婚宴會館(新板店),新北市板橋區中山路一段161號,02-29527666#,,25.01208,121.465624,新北市
1634,"蘿蔔蹲 Farmers Tasty",新北市永和區安樂路136號,02-29427711#,,25.00023915,121.514173,新北市
1604,義利不窯-碳烤牛排-窯烤披薩-義式料理,新北市淡水區淡金路二段608之2號,02-26206699#,,25.19216449,121.4464753,新北市
1602,藝食知選,臺北市士林區臺北市士林區天玉街81巷2號,02-28762882#,,25.12293749,121.5309857,臺北市
1601,紅瓦厝懷舊風味餐坊,臺北市士林區天母東路8巷67號,02-28767407#,,25.11536129,121.53097674,臺北市
1598,法華素食餐廳,新北市三重區仁美街24號,02-22860768#,,25.0772517,121.48814854,新北市
1617,"零居Zero Living",新北市板橋區文化路一段188巷7弄27號,02-22565109#,,25.01970552,121.4680017,新北市
1616,小小蔬房,臺北市萬華區漢口街二段125號,02-23111168#,0932040505,25.04650392,121.5040002,臺北市
420,雲仙大飯店,新北市烏來區烏來里瀑布路1-1號,02-26616383#,,24.84891,121.551278,新北市
419,將捷金鬱金香酒店,新北市淡水區中正路一段2-1號,02-26210333#,0910765921,25.177109,121.429453,新北市
1550,凱基證券總公司員工餐廳(自有),臺北市中山區成功里明水路700號4樓,02-21818888#,,25.08494323,121.5515736,臺北市
1415,"藏壽司 新莊思源路店",新北市新莊區思源路168號,02-29901755#,0963723277,25.048065,121.460267,新北市
1414,"藏壽司 南港CITYLINK店",臺北市南港區忠孝東路七段369號3樓,02-26510266#,0963723502,25.052669,121.607208,臺北市
1001,"Q Burger中和泰和店",新北市中和區泰和街22號,02-22466060,,25.00067,121.499584,新北市
1000,"Q Burger蘆洲長安店",新北市蘆洲區長安街53號,02-22882985,,25.067153,121.500435,新北市
999,"Q Burger新莊輔大店",新北市新莊區福營路93號,02-29015291,,25.03236,121.4345,新北市
996,"Q Burger土城立德店",新北市土城區延和路54號,02-22632929,,24.988858,121.465514,新北市
995,"Q Burger三重大智店",新北市三重區大智街55號,02-29883200,,25.067778,121.492759,新北市
993,"Q Burger永和永利店",新北市永和區永利路3號1樓,02-22320310,,25.006084,121.517427,新北市
992,"Q Burger土城青雲店",新北市土城區青雲路238號1樓,02-22730363,,24.980546,121.458972,新北市
991,"Q Burger鶯歌南雅店",新北市鶯歌區南雅路447號1樓,02-86776886,,24.954121,121.346571,新北市
990,"Q Burger中山天祥店",臺北市中山區天祥路22號1樓,02-25311238,,25.061153,121.52096,臺北市
804,"Q Burger五股國小店",新北市五股區成泰路二段108號,02-82922183,,25.083213,121.437873,新北市
803,"Q Burger中和連城店",新北市中和區連城路469巷17號,02-22219606,,24.995229,121.483656,新北市
802,"Q Burger板橋莊敬店",新北市板橋區莊敬路134號,02-22555663,,25.023523,121.470937,新北市
801,"Q Burger新北五工店",新北市新莊區五工二路95號,02-22981080,,25.066718,121.4592,新北市
800,"Q Burger樹林千歲店",新北市樹林區千歲街12號,02-26851910,,24.995757,121.425139,新北市
799,"Q Burger蘆洲光華店",新北市蘆洲區中正路185巷31弄1號,02-22853131,,25.084284,121.466409,新北市
798,"Q Burger板橋四維店",新北市板橋區四維路308號,02-22551055,,25.029782,121.462558,新北市
797,"Q Burger內湖金龍店",臺北市內湖區金龍路74號,02-27928292,,25.084945,121.592371,臺北市
796,"Q Burger新莊民本店",新北市新莊區民本街22號,02-22081229,,25.019691,121.428102,新北市
795,"Q Burger蘆洲中興店",新北市蘆洲區中興街181號,02-82857757,,25.090017,121.48183,新北市
882,"Q Burger三重光復店",新北市三重區光復路一段68巷22號,02-29990935,,25.049164,121.471063,新北市
881,"Q Burger南港福德店",臺北市南港區福德街312號1樓,02-26519876,,25.039387,121.587649,臺北市
880,"Q Burger中和華順店",新北市中和區華順街120號1樓,02-29620685,,24.996559,121.465085,新北市
876,"Q Burger三重忠孝店",新北市三重區忠孝路二段46號,02-29846788,,25.070457,121.485193,新北市
875,"Q Burger樹林保安店",新北市樹林區保安街二段115號1樓,02-26889990,,25.001532,121.415484,新北市
874,"Q Burger三重仁政店",新北市三重區溪美里仁愛街349號,02-29886667,,25.079754,121.492152,新北市
873,"Q Burger三重重陽店",新北市三重區重陽路43巷31號1樓,02-89881667,,25.058091,121.487959,新北市
643,"伊勢路勝勢日式豬排(復興 SOGO店)",臺北市大安區忠孝東路三段300號10樓,02-87729822#,,25.041212,121.543057,臺北市
642,靜岡勝政日式豬排,臺北市士林區中山北路六段77號8F,02-28363899#,,25.105007,121.524278,臺北市
640,"omo cafe （天母SOGO店）",臺北市士林區中山北路六段77號5樓,02-28341668#,,25.105007,121.524278,臺北市
639,漢來海港-天母店,臺北市士林區中山北路六段77號7F,07-4128068#2,0922423032,25.105007,121.524278,臺北市
625,鰻將劍持屋,臺北市大安區忠孝東路三段300號B2,02-87728551#,,25.041212,121.543057,臺北市
1398,"藏壽司 三重捷運路店",新北市三重區重明里18鄰捷運路1號,02-29886680#,0928391110,25.056729,121.486425,新北市
1397,"藏壽司 微風松高店",臺北市信義區松高路16號B1,02-27206900#,0928391100,25.038729,121.567277,臺北市
1395,"藏壽司 三峽學成店",新北市三峽區學成路398號4樓,02-26717262#,0928391002,24.944205,121.378305,新北市
1394,"藏壽司 永和比漾店",新北市永和區中山路一段238號4樓,02-22311881#,0928390963,25.007836,121.507645,新北市
1392,"藏壽司 土城金城路店",新北市土城區金城路二段80號,02-22607775#,0928390929,24.980435,121.45334,新北市
1410,"藏壽司 中和橋和店",新北市中和區橋和路5號,02-82266313#,0937456590,25.005189,121.488175,新北市
1409,"藏壽司 板橋中山遠百店",新北市板橋區中山路一段152號5樓,02-29582868#,0937456614,25.011113,121.464344,新北市
1408,"藏壽司 中山南西店",臺北市大同區南京西路57號2樓,02-25565289#,0900671882,25.053083,121.519354,臺北市
1403,"藏壽司 信義ATT店",臺北市信義區松壽路12號4樓,02-77340800#,0900679195,25.035668,121.566021,臺北市
1402,"藏壽司 新莊宏匯店",新北市新莊區新北大道四段3號7樓,02-85213102#,0900675632,25.059944,121.449451,新北市
1390,"藏壽司 淡水站前店",新北市淡水區中山路8號5樓,02-26263577#,0905915872,25.1691,121.445145,新北市
1387,"藏壽司 三重集賢路店",新北市三重區集賢路99號,02-82877177#,0905915917,25.089071,121.490758,新北市
1383,"藏壽司 台北館前店",臺北市中正區館前路12號5樓,02-23316029#,0905523271,25.045615,121.514897,臺北市
1338,"金色三麥 UMAMI微風南山店",臺北市信義區台北市信義區松智路17號7樓,02-27291229,,25.03445836,121.5662096,臺北市
1336,"petit doux 微兜  小碧潭店",新北市新店區新北市新店區中央路157號5樓,02-29115998,,24.97259783,121.5304806,新北市
1335,"petit doux 微兜  京站店",臺北市大同區台北市大同區承德路一段1號1樓,02-77290009,,25.04942462,121.5171935,臺北市
1334,"petit doux 微兜  永康店","臺北市大安區台北市大安區信義路二段 198 巷 7-3 號1樓",02-23951336,,25.03282304,121.5306691,臺北市
1333,"pd by petit doux 忠孝SOGO店","臺北市大安區台北市大安區忠孝東路四段45號 11樓(忠孝SOGO百貨)",02-27213008,,25.04222659,121.544594,臺北市
1044,加納富魚食坊,新北市烏來區信賢里信福路12號之3,02-26616560#,0907354496,24.84974,121.553494,新北市
1022,"Q Burger板橋民治店",新北市板橋區民治街63號1樓,02-22502901,,25.033014,121.479648,新北市
1020,"Q Burger板橋懷德店",新北市板橋區懷德街160號,02-22563030,,25.03066,121.47889,新北市
1019,"Q Burger萬華寶興店",臺北市萬華區寶興街149號1樓,02-23010052,,25.024438,121.495161,臺北市
1017,"Q Burger板橋國慶店",新北市板橋區國慶路161之5號,02-29511321,,24.996223,121.461892,新北市
1015,"Q Burger新莊中榮店",新北市新莊區中榮街58號1樓,02-29918006,,25.052856,121.449141,新北市
1013,"Q Burger樹林太順店",新北市樹林區太順街47號,02-86860151,,24.979223,121.418002,新北市
1012,"Q Burger蘆洲三民店",新北市蘆洲區民族路429號,02-28480213,,25.089117,121.468065,新北市
979,"Q Burger中和環球店",新北市中和區民享街6號,02-82215555,,25.004702,121.473945,新北市
978,"Q Burger永和永平店",新北市永和區永平路250號,02-29295009,,25.011265,121.508551,新北市
977,"Q Burger新店建國店",新北市新店區建國路189號1樓,02-22188372,,24.979685,121.537998,新北市
975,"Q Burger文山興德店",臺北市文山區興隆路二段215之2號1樓,02-29343805,,25.001138,121.550182,臺北市
974,"Q Burger三重頂崁店",新北市三重區頂崁街188號,02-29843557,,25.066399,121.477416,新北市
973,"Q Burger中和板南店",新北市中和區連城路219巷1號,02-22466351,,24.997451,121.494542,新北市
972,"Q Burger林口中山店",新北市林口區中山路3號1樓,02-26026033,,25.078023,121.396536,新北市
971,"Q Burger板橋國光店",新北市板橋區國光路183號,02-29684685,,25.018519,121.46092,新北市
970,"Q Burger中和秀朗店",新北市中和區秀朗路三段48號1樓,02-29222380,,24.995584,121.526366,新北市
955,"Q Burger文山興隆店",臺北市文山區興隆路四段112號,02-29371568,,24.983037,121.562082,臺北市
954,"Q Burger土城員林店",新北市土城區員林街10之2號一樓,02-82610003,,24.977884,121.442999,新北市
953,"Q Burger內湖達人店",臺北市內湖區內湖路二段326號,02-27909865,,25.081544,121.588763,臺北市
952,"Q Burger新莊頭前店",新北市新莊區頭前里化成路319號,02-85213381,,25.05574,121.46588,新北市
950,"Q Burger文山景興店",臺北市文山區景興路99號,02-29320217,,24.995334,121.544821,臺北市
948,"Q Burger永和永貞店",新北市永和區永貞路355巷2號,02-29262971,,25.007586,121.508985,新北市
937,"Q Burger泰山泰高店",新北市泰山區明志路一段433號一樓,02-22960737,,25.056481,121.43087,新北市
936,"Q Burger土城學成店",新北市土城區學成路47號,02-82731862,,24.98748,121.452222,新北市
934,"Q Burger板橋廣和店",新北市板橋區廣和街73號1樓,02-29646679,,24.992666,121.462661,新北市
933,"Q Burger松山民生店",臺北市松山區民生東路四段103號1樓,02-25471072,,25.058167,121.552522,臺北市
931,"Q Burger中山復興店",臺北市中山區復興北路514巷34號一樓,02-25090565,,25.065888,121.542694,臺北市
930,"Q Burger板橋僑中店",新北市板橋區僑中一街90號1樓,02-82752908,,25.011759,121.447089,新北市
928,"Q Burger新店大豐店",新北市新店區大豐路16巷2號,02-89146488,,24.980433,121.540926,新北市
927,"Q Burger信義松仁店",臺北市信義區松仁路227號1樓,02-27208119,,25.026309,121.568693,臺北市
916,"Q Burger土城延吉店",新北市土城區延吉街312號,02-82610582,,24.984055,121.463911,新北市
915,"Q Burger板橋大仁店",新北市板橋區大仁街26號1樓,02-29666587,,25.016953,121.45553,新北市
914,"Q Burger中和中興店",新北市中和區中興街163號1樓+地下室,02-22429011,,24.990794,121.500044,新北市
913,"Q Burger五股成洲店",新北市五股區成泰路三段577巷43號1樓,02-22918228,,25.103012,121.450931,新北市
911,"Q Burger汐止秀峰店",新北市汐止區仁愛路26號1樓,02-26430098,,25.062892,121.659974,新北市
909,"Q Burger板橋介壽店",新北市板橋區介壽街17號1樓,02-22553597,,25.020258,121.467594,新北市
907,"Q Burger林口仁愛店",新北市林口區西林里仁愛路二段150號,02-26016558,,25.074358,121.381934,新北市
894,"Q Burger新莊雙鳳店",新北市新莊區雙鳳路23號1樓,02-29081680,,25.026983,121.416634,新北市
893,"Q Burger五股工商店",新北市五股區工商路193號1樓,02-22941002,,25.087052,121.433637,新北市
892,"Q Burger三峽文化店",新北市三峽區文化路266之13號1樓,02-26738182,,24.935783,121.366108,新北市
891,"Q Burger文山萬隆店",臺北市文山區萬隆里景福街4號1樓,02-29331380,,24.999628,121.539496,臺北市
890,"Q Burger萬華青年店",臺北市萬華區青年路140號1樓,02-23070701,,25.021825,121.502456,臺北市
888,"Q Burger信義信安店",臺北市信義區信安街127號,02-87321008,,25.024214,121.555938,臺北市
886,"Q Burger蘆洲信義店",新北市蘆洲區信義路245號,02-28487578,,25.084298,121.479027,新北市
884,"Q Burger板橋海山店",新北市板橋區漢生東路193巷7號1樓,02-29546666,,25.011917,121.470293,新北市
883,"Q Burger萬華國興店",臺北市萬華區國興路98號,02-23056683,,25.02721,121.505611,臺北市
872,"Q Burger土城廣興店",新北市土城區廣興街33號1樓,02-89661116,,24.991516,121.455327,新北市
871,"Q Burger永和得和店",新北市永和區得和路172號1樓,02-86681921,,24.999991,121.519721,新北市
870,"Q Burger樹林三福店",新北市樹林區三福街144號,02-26880015,,25.016078,121.405839,新北市
869,"Q Burger板橋文聖店",新北市板橋區文聖街142號,02-22500123,,25.027913,121.478472,新北市
868,"Q Burger中和福美店",新北市中和區福善里福美路313號,02-22490131,,25.004674,121.49675,新北市
866,"Q Burger三峽大同店",新北市三峽區介壽里大同路1-4號1樓,02-26740031,,24.929621,121.378178,新北市
865,"Q Burger五股西雲店",新北市五股區西雲路241號1樓,02-22935777,,25.097723,121.449134,新北市
864,"Q Burger中和景安店",新北市中和區景新街175號1樓,02-86682175,,24.99555,121.506791,新北市
863,"Q Burger新莊建安店",新北市新莊區建安街45號1樓,02-22012300,,25.025538,121.428731,新北市
862,"Q Burger土城永豐店",新北市土城區永豐路135巷10號1樓,02-22707050,,24.983343,121.467247,新北市
848,"Q Burger板橋金園店",新北市板橋區金門街171號,02-26818787,,24.990117,121.432574,新北市
847,"Q Burger蘆洲鷺江店",新北市蘆洲區鷺江街95號,02-22880500,,25.083825,121.476828,新北市
845,"Q Burger士林延平店",臺北市士林區延平北路五段179號,02-28110658,,25.083092,121.51003,臺北市
844,"Q Burger新莊新豐店",新北市新莊區新豐街25號1樓,02-22010220,,25.03417,121.448081,新北市
843,"Q Burger中和民享店",新北市中和區民享街86巷3號1樓,02-82282005,,25.000854,121.474348,新北市
841,"Q Burger新店中正店",新北市新店區中正路546號1樓,02-86673625,,24.9865,121.533676,新北市
839,"Q Burger中和南勢角店",新北市中和區南山路174-2號,02-29470520,,24.991284,121.504919,新北市
828,"Q Burger三重集成店",新北市三重區集成路42號,02-29776785,,25.052773,121.488978,新北市
826,"Q Burger中和興南店",新北市中和區興南路二段69號,02-86683877,,24.985071,121.506857,新北市
825,"Q Burger樹林育英店",新北市樹林區育英街146號,02-26851719,,24.989501,121.41918,新北市
824,"Q Burger永和永亨店",新北市永和區永亨路107號,02-29202227,,25.004807,121.5234,新北市
821,"Q Burger板橋中山店",新北市板橋區東丘里中山路２段９０巷１２號,02-29552958,,25.015885,121.475419,新北市
820,"Q Burger北投致遠店",臺北市北投區致遠一路一段95號,02-28250606,,25.109373,121.515206,臺北市
818,"Q Burger文山景福店",臺北市文山區景福街234號,02-89351881,,24.993632,121.539379,臺北市
817,"Q Burger三重三民店",新北市三重區三民街298號,02-29869285,,25.068933,121.477968,新北市
784,"Q Burger新莊化成店",新北市新莊區化成路31號,02-29906004,,25.043993,121.465074,新北市
783,"Q Burger泰山明志店",新北市泰山區明志路2段353號,02-29081667,,25.044391,121.425445,新北市
782,"Q Burger中和民生店",新北市中和區民生街85巷1弄2號,02-29550810,,25.004567,121.469076,新北市
781,"Q Burger三重龍門店",新北市三重區龍門路40號,02-29772611,,25.072444,121.495962,新北市
780,"Q Burger新莊民安店",新北市新莊區民安路35號,02-22020252,,25.026793,121.423613,新北市
779,"Q Burger三重慈愛店",新北市三重區慈愛街46號,02-22808853,,25.079187,121.485859,新北市
778,"Q Burger三重仁愛店",新北市三重區溪尾街269號,02-29860322,,25.082346,121.487657,新北市
777,"Q Burger三重永福店",新北市三重區永福街172號,02-82878666,,25.074468,121.480903,新北市
776,"Q Burger國隆總店店",新北市三重區國隆路26號,02-89837007,,25.064229,121.49248,新北市
775,"Q Burger（總店）",新北市新莊區頭前路24號,02-89913667,,25.051435,121.467613,新北市
1031,"Q Burger汐止連興店",新北市汐止區連興街73號1樓,02-26919516,,25.062799,121.654075,新北市
1030,"Q Burger土城延和店",新北市土城區延和路115號1樓,02-22631515,,24.990404,121.467982,新北市
1029,"Q Burger汐止樟樹店",新北市汐止區樟樹一路130號,02-86916631,,25.064547,121.642194,新北市
1028,"Q Burger北投中和店",臺北市北投區中和街402號,02-28915262,,25.143566,121.498161,臺北市
1027,"Q Burger永和信義店",新北市永和區信義路93號1樓,02-29214352,,25.013874,121.512274,新北市
1026,"Q Burger中和自立店",新北市中和區自立路76號一樓,02-29488588,,24.99125,121.524045,新北市
1025,"Q Burger蘆洲永平店",新北市蘆洲區永平街32巷15號一樓,02-82828616,,25.091411,121.458966,新北市
1023,"Q Burger文山木新店",臺北市文山區木新路二段229號,02-29396817,,24.983356,121.567274,臺北市
1008,"Q Burger三重田安店",新北市三重區三民街71號1樓,02-29840181,,25.062768,121.48595,新北市
1005,"Q Burger三重光興店",新北市三重區正義南路103號,02-29740006,,25.059256,121.498454,新北市
1004,"Q Burger新店三民店",新北市新店區三民路121號1樓,02-89110352,,24.972241,121.534754,新北市
1002,"Q Burger新莊光明店",新北市新莊區民安西路256號1樓,02-22035686,,25.013456,121.425952,新北市
986,"Q Burger大安樂業店",臺北市大安區樂業街153號,02-27360209,,25.019635,121.55367,臺北市
985,"Q Burger三重菜寮店",新北市三重區重新路三段93號1樓,02-29880901,,25.060117,121.491574,新北市
984,"Q Burger北投懷德店",臺北市北投區建民路161-5號1樓,02-28202320,,25.111066,121.519605,臺北市
982,"Q Burger中正寧波店",臺北市中正區寧波西街100號1樓,02-23325085,,25.029555,121.514514,臺北市
981,"Q Burger信義吳興店",臺北市信義區吳興街281巷59號,02-27200965,,25.026564,121.565777,臺北市
980,"Q Burger新店安民店",新北市新店區安民街300號一樓,02-22120652,,24.973704,121.517709,新北市
967,"Q Burger萬華雙園店",臺北市萬華區雙園街15號,02-23087655,,25.029171,121.495014,臺北市
966,"Q Burger信義松山店",臺北市信義區松山路465巷2號,02-27279620,,25.039515,121.578491,臺北市
965,"Q Burger信義永吉店",臺北市信義區永吉路120巷1號1樓,02-27653337,,25.045445,121.570415,臺北市
964,"Q Burger板橋長安店",新北市板橋區長安街210之1號,02-29590700,,25.011994,121.474633,新北市
963,"Q Burger汐止明峰店",新北市汐止區明峰街125-3號1樓,02-26932023,,25.070912,121.63056,新北市
961,"Q Burger中山榮星店",臺北市中山區行仁里五常街63號,02-25016190,,25.064385,121.539991,臺北市
946,"Q Burger中和保健店",新北市中和區景安路22號1樓,02-22460690,,24.998704,121.507414,新北市
945,"Q Burger中山錦州店",臺北市中山區吉林路205號,02-25222997,,25.060113,121.530364,臺北市
944,"Q Burger中和建一店",新北市中和區建一路157號1樓,02-82282132,,24.999276,121.488259,新北市
942,"Q Burger內湖星雲店",臺北市內湖區星雲街14號,02-27922009,,25.077784,121.590517,臺北市
940,"Q Burger板橋永豐店",新北市板橋區永豐街115號,02-29580337,,25.019642,121.474303,新北市
939,"Q Burger中和員山店",新北市中和區員山路395號,02-82286062,,25.002981,121.481103,新北市
938,"Q Burger新店玫瑰店",新北市新店區安康路三段30號一樓,02-22126673,,24.953208,121.493039,新北市
926,"Q Burger士林忠義店",臺北市士林區忠義街113-1號一樓,02-28343148,,25.107074,121.532664,臺北市
925,"Q Burger中山吉林店",臺北市中山區吉林路397號,02-25910182,,25.065967,121.53152,臺北市
923,"Q Burger蘆洲中山店",新北市蘆洲區中山二路179號1樓,02-22885811,,25.080931,121.471045,新北市
922,"Q Burger信義虎林店",臺北市信義區信義路六段106號1樓,02-27279868,,25.035875,121.577796,臺北市
921,"Q Burger中和宜安店",新北市中和區宜安路25號,02-29470125,,24.995901,121.512828,新北市
918,"Q Burger汐止綠多店",新北市汐止區仁愛路162號1樓,02-26430058,,25.064955,121.664168,新北市
917,"Q Burger中山中原店",臺北市中山區中原街41號1樓,02-25232521,,25.056967,121.52894,臺北市
904,"Q Burger松山撫遠店",臺北市松山區撫遠街352號,02-27533262,,25.062742,121.565931,臺北市
901,"Q Burger蘆洲成功店",新北市蘆洲區長安街268號,02-22880695,,25.086818,121.45743,新北市
900,"Q Burger三峽中華店",新北市三峽區安溪里中華路46-2號,02-86719007,,24.93046,121.371979,新北市
899,"Q Burger新莊國小店",新北市新莊區中港路50號,02-22771516,,25.03843,121.455434,新北市
898,"Q Burger泰山泰林店",新北市泰山區泰林路二段475號1樓,02-29090097,,25.063874,121.42516,新北市
896,"Q Burger新店安康店",新北市新店區安康路二段107巷1號,02-86663040,,24.962167,121.51275,新北市
860,"Q Burger大同大龍店",臺北市信義區大龍街150號,02-25996128,,25.067933,121.516423,臺北市
858,"Q Burger新莊立信店","新北市新莊區立信三街12巷12號 1樓",02-22777909,,25.050886,121.444413,新北市
856,"Q Burger樹林日新店",新北市樹林區日新街67號,02-26852697,,24.991036,121.422163,新北市
853,"Q Burger大橋頭店",臺北市信義區民權西路226號,02-25500147,,25.062866,121.513987,臺北市
852,"Q Burger板橋華興店",新北市板橋區華興街40號,02-29522710,,25.004763,121.458476,新北市
851,"Q Burger泰山全興店",新北市泰山區全興路105號,02-22970930,,25.056958,121.433775,新北市
838,"Q Burger蘆洲長興店",新北市蘆洲區長興路265號,02-22882835,,25.088034,121.460258,新北市
837,"Q Burger中和中山店",新北市中和區員山路454號,02-82211126,,25.006186,121.480071,新北市
836,"Q Burger蘆洲中原店",新北市蘆洲區中原路24號,02-22831717,,25.082886,121.460201,新北市
835,"Q Burger淡水新民店",新北市淡水區新民街65號,02-26262060,,25.176348,121.438419,新北市
834,"Q Burger中和景新店",新北市中和區景平路111巷61弄21號,02-86689008,,24.989908,121.514947,新北市
833,"Q Burger中和廣福店",新北市中和區廣福路82號,02-82458286,,25.001566,121.502847,新北市
832,"Q Burger板橋吳鳳店",新北市板橋區吳鳳路68號,02-22572358,,25.030823,121.467433,新北市
830,"Q Burger板橋重慶店",新北市板橋區重慶路108號,02-89523866,,25.005483,121.462013,新北市
829,"Q Burger三重中正店",新北市三重區中正北路180號,02-29856668,,25.066839,121.483204,新北市
816,"Q Burger新莊成德店",新北市新莊區成德街8號,02-22080936,,25.019451,121.422681,新北市
815,"Q Burger新莊中港店",新北市新莊區中港路419號,02-22791117,,25.04756,121.452215,新北市
814,"Q Burger永和永元店",新北市永和區永元路124號,02-29265857,,25.002853,121.522893,新北市
813,"Q Burger汐止福德店",新北市汐止區福德二路140號,02-26957300,,25.065238,121.630733,新北市
812,"Q Burger三重福德南店",新北市三重區福德南路40號,02-29755550,,25.062595,121.502992,新北市
809,"Q Burger淡水學府店",新北市淡水區學府路85號,02-86315056,,25.170221,121.448553,新北市
808,"Q Burger中和南山店",新北市中和區南山路161號1樓,02-22439007,,24.995435,121.502754,新北市
807,"Q Burger泰山義學店",新北市泰山區明志路2段101號,02-29002131,,25.051845,121.428359,新北市
793,"Q Burger新莊中平店",新北市新莊區中平路82巷10號,02-29979188,,25.044785,121.445344,新北市
792,"Q Burger士林通河店",臺北市士林區通河街125號,02-28853848,,25.080739,121.521261,臺北市
791,"Q Burger新莊昌明店",新北市新莊區昌明街28號,02-89921802,,25.052391,121.456872,新北市
790,"Q Burger北投實踐店",臺北市北投區實踐街61號,02-28250909,,25.115293,121.509812,臺北市
789,"Q Burger五股成泰店",新北市五股區成泰路一段47號,02-29096663,,25.067298,121.434134,新北市
788,"Q Burger板橋英士店",新北市板橋區英士路70號,02-22580533,,25.024557,121.460494,新北市
787,"Q Burger新莊建中店",新北市新莊區建中街86號,02-29922626,,25.036814,121.447069,新北市
786,"Q Burger新莊自立店",新北市新莊區自立街190號,02-29927886,,25.04537,121.456374,新北市
516,"基督復臨安息日會醫療財團法人臺安醫院 嗎哪天然之味餐廳",臺北市松山區八德路二段424號B1,02-27718151#3120,,25.048052,121.547276,臺北市
681,神樂家（忠孝SOGO店）,臺北市大安區忠孝東路四段45號11樓,02-89785666#,,25.041902,121.544883,臺北市
664,"Aunt Stella 詩特莉",臺北市大安區忠孝東路三段300號B3,02-87721638#,,25.041212,121.543057,臺北市
660,成真咖啡台北sogo復興店,臺北市大安區忠孝東路三段300號9樓,02-87723722#,0988327993,25.041212,121.543057,臺北市
595,十八廚,臺北市松山區興安街212號1樓,02-27547890#,,25.055993,121.545865,臺北市
593,第一銀行總行大樓員工餐廳,臺北市中正區重慶南路一段30號21樓,02-23481520#,,25.045572,121.513108,臺北市
590,泰迪農園咖哩,臺北市大安區忠孝東路三段300號7樓,02-87726099#,,25.041212,121.543057,臺北市
536,"詩特莉 Aunt Stella (忠孝SOGO店)",臺北市大安區忠孝東路四段45號B1,02-27403072#,,25.041902,121.544883,臺北市
535,"荷李活茶街 (忠孝SOGO店)",臺北市大安區忠孝東路四段45號2F,02-27780369#,,25.042096,121.544634,臺北市
533,"漢來蔬食 (忠孝SOGO店)",臺北市大安區忠孝東路四段45號11F,02-27311128#,,25.041902,121.544883,臺北市
532,"聚 北海道鍋物 (忠孝SOGO店)",臺北市大安區忠孝東路四段45號11F,02-27218787#,,25.041902,121.544883,臺北市
529,"金澤美味壽司 (忠孝SOGO店)",臺北市大安區忠孝東路四段45號11F,02-87717770#,,25.041902,121.544883,臺北市
527,"吉 天婦羅 (忠孝SOGO店)",臺北市大安區忠孝東路四段45號11F,02-27312518#,,25.041902,121.544883,臺北市
526,"三合院 (忠孝SOGO店)",臺北市大安區忠孝東路四段45號11F,02-27816667#,,25.041902,121.544883,臺北市
525,"莆田 (忠孝SOGO店)",臺北市大安區忠孝東路四段45號12F,02-87710767#,,25.041902,121.544883,臺北市
524,梅居休閒農場,臺北市士林區平菁街43巷99號,-#,0963083276,25.14111,121.574811,臺北市
62,陽明山春天書食創作料理士林店,臺北市士林區寈山路119-1號,02-28620178#,,25.14448,121.56017,臺北市
58,Plants,臺北市大安區復興南路1段253巷10號1樓,02-27845677#,,25.03675,121.544189,臺北市
175,板橋凱撒大飯店(大廳酒吧),新北市板橋區縣民大道二段8號,02-89539777#,,25.011662,121.462638,新北市
174,哩賀涼麵,新北市永和區秀朗路一段169號,-#,0985177944,24.984587,121.541535,新北市
191,猛港海鮮餐廳,新北市永和區永和路一段62號,02-29286383#,,25.005939,121.513109,新北市
187,雲山水小築民宿,新北市瑞芳區金瓜石石山里山尖路72-1號,02-24962201#,,25.114868,121.853995,新北市
186,芭達桑原住民主題餐廳,新北市八里區觀海大道111號,02-26105300#,,25.161778,121.425567,新北市
538,"皇家哥本哈根咖啡輕食複合店 (忠孝SOGO店)",臺北市大安區忠孝東路四段45號4F,02-27113362#,,25.041902,121.544883,臺北市
537,"UCC Café Mercado (忠孝SOGO店)",臺北市大安區忠孝東路四段45號B2,02-27416800#,,25.041902,121.544883,臺北市
494,義美見學餐廳(北榮美食街),臺北市北投區石牌路二段201號生活廣場,02-28749302#,,25.119181,121.519166,臺北市
493,紅豆食府(北榮美食街),臺北市北投區石牌路二段201號生活廣場,02-28713068#,,25.119181,121.519166,臺北市
492,皇家傳承(北榮美食街),臺北市北投區石牌路二段201號生活廣場,02-28747328#,,25.119181,121.519166,臺北市
491,洪祖師擔仔麵(北榮美食街),臺北市北投區石牌路二段201號生活廣場,-#,0920283013,25.119181,121.519166,臺北市
487,西雅圖極品咖啡(北榮美食街),臺北市北投區石牌路二段201號生活廣場,02-28760276#,,25.119181,121.519166,臺北市
484,甲大鴻港式燒臘(北榮美食街),臺北市北投區石牌路二段201號生活廣場,-#,0976698108,25.119181,121.519166,臺北市
483,小南門/小南門點心世界(北榮美食街),臺北市北投區石牌路二段201號生活廣場,02-28751220#,,25.119181,121.519166,臺北市
482,十勝石燒(北榮美食街),臺北市北投區石牌路二段201號生活廣場,-#,0919329057,25.119181,121.519166,臺北市
481,Mos摩斯漢堡(北榮美食街),臺北市北投區石牌路二段201號生活廣場,02-28710185#,,25.119181,121.519166,臺北市
405,雙溪平林休閒農場,新北市雙溪區平林里外平林35號,02-4934016#,0921931032,25.037272,121.8535,新北市
404,魚缸珈琲館,新北市蘆洲區三民路78號,02-82828350#,,25.084123,121.475129,新北市
